0,-1.87093,0.392844,3.37692,0.308972,-1.48217,
1,-1.87093,0.392844,3.37692,0.308972,-1.48217,
2,-1.87093,0.392844,3.37692,0.308972,-1.48217,
3,-1.87093,0.392844,3.37692,0.308972,-1.48256,
4,-1.87093,0.392844,3.37692,0.308972,-1.48217,
5,-1.87093,0.392844,3.37692,0.308972,-1.48217,
6,-1.87093,0.392844,3.37692,0.308972,-1.48217,
7,-1.87093,0.392845,3.37692,0.308972,-1.48217,
8,-1.87093,0.392844,3.37692,0.308972,-1.48217,
9,-1.87093,0.392845,3.37692,0.308972,-1.48217,
10,-1.87093,0.392844,3.37692,0.308972,-1.48217,
11,-1.87093,0.392844,3.37692,0.308972,-1.48217,
12,-1.87093,0.392845,3.37692,0.308967,-1.48179,
13,-1.87093,0.392844,3.37692,0.308967,-1.48179,
14,-1.87055,0.392844,3.37692,0.308967,-1.48217,
15,-1.87093,0.392844,3.37692,0.308967,-1.48217,
16,-1.87093,0.392844,3.37692,0.308972,-1.48217,
17,-1.87055,0.392844,3.37692,0.308972,-1.48217,
18,-1.87093,0.392844,3.37692,0.308972,-1.48217,
19,-1.87093,0.392844,3.37692,0.308972,-1.48217,
20,-1.87055,0.392844,3.37692,0.308972,-1.48179,
21,-1.87055,0.392844,3.37692,0.308972,-1.48179,
22,-1.87055,0.392844,3.37692,0.308972,-1.48217,
23,-1.87055,0.392844,3.37692,0.308972,-1.48179,
24,-1.87055,0.392845,3.37692,0.308972,-1.48179,
25,-1.87055,0.392845,3.37692,0.308972,-1.48217,
26,-1.87055,0.392844,3.37692,0.308972,-1.48179,
27,-1.87055,0.392845,3.37692,0.308972,-1.48217,
28,-1.87093,0.392844,3.37692,0.308972,-1.48217,
29,-1.87093,0.392844,3.37692,0.308972,-1.48217,
30,-1.87055,0.392845,3.37692,0.308972,-1.48217,
31,-1.87093,0.392845,3.37692,0.308972,-1.48179,
32,-1.87093,0.392845,3.37692,0.308972,-1.48217,
33,-1.87055,0.392845,3.37692,0.308972,-1.48217,
34,-1.87093,0.392845,3.37692,0.308972,-1.48217,
35,-1.87093,0.392845,3.37692,0.308967,-1.48217,
36,-1.87055,0.392844,3.37692,0.308967,-1.48217,
37,-1.87093,0.392844,3.37692,0.308967,-1.48217,
38,-1.87093,0.392844,3.37692,0.308967,-1.48217,
39,-1.87055,0.392844,3.37692,0.308967,-1.48217,
40,-1.87055,0.392844,3.37692,0.308967,-1.48217,
41,-1.87055,0.392844,3.37692,0.308967,-1.48217,
42,-1.87055,0.392844,3.37692,0.308967,-1.48217,
43,-1.87055,0.392844,3.37692,0.308972,-1.48217,
44,-1.87055,0.392844,3.37692,0.308972,-1.48217,
45,-1.87055,0.392845,3.37692,0.308972,-1.48217,
46,-1.87055,0.392844,3.37692,0.308972,-1.48217,
47,-1.87055,0.392844,3.37692,0.308972,-1.48179,
48,-1.87055,0.392844,3.37692,0.308972,-1.48217,
49,-1.87055,0.392844,3.37692,0.308972,-1.48217,
50,-1.87055,0.392844,3.37692,0.308972,-1.48217,
51,-1.87093,0.392844,3.37692,0.308972,-1.48217,
52,-1.87093,0.392844,3.37692,0.308972,-1.48217,
53,-1.87055,0.392844,3.37692,0.308972,-1.48217,
54,-1.87055,0.392844,3.37692,0.308972,-1.48217,
55,-1.87093,0.392844,3.37692,0.308972,-1.48217,
56,-1.87093,0.392844,3.37692,0.308972,-1.48217,
57,-1.87093,0.392844,3.37692,0.308972,-1.48217,
58,-1.87055,0.392844,3.37692,0.308972,-1.48179,
59,-1.87055,0.392844,3.37692,0.308972,-1.48217,
60,-1.87093,0.392844,3.37692,0.308972,-1.48217,
61,-1.87093,0.392844,3.37692,0.308972,-1.48217,
62,-1.87055,0.392844,3.37692,0.308972,-1.48217,
63,-1.87093,0.392844,3.37692,0.308972,-1.48217,
64,-1.87055,0.392844,3.37692,0.308972,-1.48217,
65,-1.87055,0.392844,3.37692,0.308972,-1.48217,
66,-1.87055,0.392844,3.37692,0.308972,-1.48217,
67,-1.87093,0.392845,3.37692,0.308972,-1.48217,
68,-1.87055,0.392844,3.37692,0.308972,-1.48217,
69,-1.87055,0.392845,3.37692,0.308972,-1.48217,
70,-1.87055,0.392845,3.37692,0.308972,-1.48217,
71,-1.87093,0.392844,3.37692,0.308972,-1.48217,
72,-1.87093,0.392845,3.37692,0.308972,-1.48217,
73,-1.87055,0.392845,3.37692,0.308972,-1.48217,
74,-1.87055,0.392844,3.37692,0.308972,-1.48217,
75,-1.87093,0.392845,3.37692,0.308967,-1.48217,
76,-1.87055,0.392844,3.37692,0.308967,-1.48256,
77,-1.87055,0.392844,3.37692,0.308967,-1.48217,
78,-1.87055,0.392844,3.37692,0.308967,-1.48217,
79,-1.87055,0.392844,3.37692,0.308967,-1.48217,
80,-1.87055,0.392845,3.37692,0.308967,-1.48217,
81,-1.87093,0.392844,3.37692,0.308967,-1.48217,
82,-1.87055,0.392845,3.37692,0.308967,-1.48217,
83,-1.87093,0.392845,3.37692,0.308967,-1.48217,
84,-1.87093,0.392844,3.37692,0.308967,-1.48217,
85,-1.87093,0.392844,3.37692,0.308967,-1.48217,
86,-1.87093,0.392844,3.37692,0.308967,-1.48217,
87,-1.87055,0.392844,3.37692,0.308967,-1.48217,
88,-1.87055,0.392844,3.37692,0.308967,-1.48217,
89,-1.87055,0.392844,3.37692,0.308967,-1.48217,
90,-1.87093,0.392844,3.37692,0.308967,-1.48217,
91,-1.87093,0.392844,3.37692,0.308967,-1.48217,
92,-1.87055,0.392844,3.37692,0.308972,-1.48217,
93,-1.87093,0.392844,3.37692,0.308972,-1.48217,
94,-1.87093,0.392844,3.37692,0.308972,-1.48217,
95,-1.87093,0.392844,3.37692,0.308972,-1.48217,
96,-1.87093,0.392844,3.37692,0.308972,-1.48217,
97,-1.87055,0.392844,3.37692,0.308972,-1.48179,
98,-1.87055,0.392844,3.37692,0.308972,-1.48217,
99,-1.87093,0.392844,3.37692,0.308972,-1.48217,
100,-1.87093,0.392844,3.37692,0.308972,-1.48217,
101,-1.87093,0.392844,3.37692,0.308972,-1.48217,
102,-1.87093,0.392844,3.37692,0.308972,-1.48217,
103,-1.87093,0.392844,3.37692,0.308972,-1.48217,
104,-1.87093,0.392844,3.37692,0.308972,-1.48217,
105,-1.87093,0.392844,3.37692,0.308972,-1.48217,
106,-1.87093,0.392844,3.37692,0.308972,-1.48217,
107,-1.87055,0.392844,3.37692,0.308972,-1.48217,
108,-1.87055,0.392845,3.37692,0.308972,-1.48217,
109,-1.87055,0.392844,3.37692,0.308972,-1.48217,
110,-1.87055,0.392844,3.37692,0.308972,-1.48217,
111,-1.87093,0.392844,3.37692,0.308972,-1.48256,
112,-1.87055,0.392844,3.37692,0.308972,-1.48217,
113,-1.87055,0.392845,3.37692,0.308972,-1.48256,
114,-1.87055,0.392845,3.37692,0.308972,-1.48217,
115,-1.87093,0.392845,3.37692,0.308972,-1.48256,
116,-1.87093,0.392844,3.37692,0.308972,-1.48217,
117,-1.87055,0.392845,3.37692,0.308972,-1.48217,
118,-1.87093,0.392844,3.37692,0.308972,-1.48217,
119,-1.87093,0.392844,3.37692,0.308972,-1.48256,
120,-1.87093,0.392844,3.37692,0.308972,-1.48256,
121,-1.87093,0.392844,3.37692,0.308972,-1.48217,
122,-1.87093,0.392844,3.37692,0.308967,-1.48217,
123,-1.87055,0.392844,3.37692,0.308967,-1.48256,
124,-1.87093,0.392844,3.37692,0.308967,-1.48217,
125,-1.87093,0.392844,3.37692,0.308967,-1.48217,
126,-1.87093,0.392844,3.37692,0.308967,-1.48217,
127,-1.87093,0.392844,3.37692,0.308967,-1.48217,
128,-1.87055,0.392844,3.37692,0.308967,-1.48217,
129,-1.87055,0.392844,3.37692,0.308972,-1.48217,
130,-1.87055,0.392844,3.37692,0.308972,-1.48217,
131,-1.87055,0.392845,3.37692,0.308972,-1.48217,
132,-1.87055,0.392845,3.37692,0.308972,-1.48217,
133,-1.87055,0.392844,3.37692,0.308972,-1.48217,
134,-1.87055,0.392845,3.37692,0.308972,-1.48217,
135,-1.87093,0.392845,3.37692,0.308972,-1.48217,
136,-1.87055,0.392844,3.37692,0.308972,-1.48217,
137,-1.87055,0.392844,3.37692,0.308972,-1.48217,
138,-1.87055,0.392844,3.37692,0.308972,-1.48217,
139,-1.87055,0.392844,3.37692,0.308972,-1.48217,
140,-1.87055,0.392844,3.37692,0.308972,-1.48256,
141,-1.87055,0.392844,3.37692,0.308972,-1.48256,
142,-1.87055,0.392844,3.37692,0.308972,-1.48217,
143,-1.87055,0.392844,3.37692,0.308972,-1.48217,
144,-1.87055,0.392844,3.37692,0.308972,-1.48217,
145,-1.87055,0.392844,3.37692,0.308972,-1.48217,
146,-1.87055,0.392844,3.37692,0.308972,-1.48217,
147,-1.87055,0.392845,3.37692,0.308972,-1.48217,
148,-1.87055,0.392845,3.37692,0.308972,-1.48217,
149,-1.87055,0.392844,3.37692,0.308972,-1.48217,
150,-1.87055,0.392844,3.37692,0.308972,-1.48256,
151,-1.87016,0.392844,3.37692,0.308972,-1.48217,
152,-1.87016,0.392844,3.37692,0.308972,-1.48217,
153,-1.87055,0.392844,3.37692,0.308972,-1.48217,
154,-1.87016,0.392844,3.37692,0.308972,-1.48217,
155,-1.87055,0.392844,3.37692,0.308967,-1.48217,
156,-1.87055,0.392844,3.37692,0.308967,-1.48217,
157,-1.87093,0.392844,3.37692,0.308967,-1.48217,
158,-1.87093,0.392844,3.37692,0.308967,-1.48256,
159,-1.87055,0.392844,3.37692,0.308967,-1.48217,
160,-1.87055,0.392844,3.37692,0.308967,-1.48217,
161,-1.87055,0.392844,3.37692,0.308967,-1.48217,
162,-1.87055,0.392844,3.37692,0.308967,-1.48217,
163,-1.87055,0.392845,3.37692,0.308967,-1.48217,
164,-1.87055,0.392845,3.37692,0.308967,-1.48217,
165,-1.87055,0.392845,3.37692,0.308972,-1.48217,
166,-1.87055,0.392844,3.37692,0.308972,-1.48217,
167,-1.87055,0.392844,3.37692,0.308972,-1.48217,
168,-1.87055,0.392844,3.37692,0.308972,-1.48217,
169,-1.87055,0.392844,3.37692,0.308972,-1.48217,
170,-1.87055,0.392844,3.37692,0.308972,-1.48217,
171,-1.87055,0.392844,3.37692,0.308972,-1.48217,
172,-1.87055,0.392844,3.37692,0.308972,-1.48217,
173,-1.87093,0.392844,3.37692,0.308972,-1.48217,
174,-1.87093,0.392844,3.37692,0.308972,-1.48217,
175,-1.87055,0.392844,3.37692,0.308972,-1.48217,
176,-1.87055,0.392844,3.37692,0.308972,-1.48217,
177,-1.87093,0.392844,3.37692,0.308972,-1.48217,
178,-1.87055,0.392845,3.37692,0.308972,-1.48217,
179,-1.87055,0.392845,3.37692,0.308972,-1.48217,
180,-1.87093,0.392844,3.37692,0.308972,-1.48217,
181,-1.87093,0.392844,3.37692,0.308972,-1.48217,
182,-1.87093,0.392844,3.37692,0.308972,-1.48256,
183,-1.87055,0.392844,3.37692,0.308972,-1.48217,
184,-1.87055,0.392844,3.37692,0.308972,-1.48256,
185,-1.87093,0.392844,3.37692,0.308972,-1.48256,
186,-1.87055,0.392844,3.37692,0.308972,-1.48217,
187,-1.87055,0.392844,3.37692,0.308972,-1.48217,
188,-1.87055,0.392844,3.37692,0.308972,-1.48217,
189,-1.87055,0.392844,3.37692,0.308972,-1.48256,
190,-1.87055,0.392844,3.37692,0.308967,-1.48256,
191,-1.87055,0.392845,3.37692,0.308967,-1.48217,
192,-1.87055,0.392844,3.37692,0.308967,-1.48217,
193,-1.87055,0.392844,3.37692,0.308967,-1.48217,
194,-1.87055,0.392844,3.37692,0.308967,-1.48217,
195,-1.87055,0.392844,3.37692,0.308967,-1.48217,
196,-1.87055,0.392844,3.37692,0.308967,-1.48217,
197,-1.87055,0.392844,3.37692,0.308967,-1.48217,
198,-1.87055,0.392844,3.37692,0.308972,-1.48217,
199,-1.87055,0.392844,3.37692,0.308972,-1.48217,
200,-1.87093,0.392844,3.37692,0.308972,-1.48217,
201,-1.87055,0.392844,3.37692,0.308972,-1.48217,
202,-1.87055,0.392844,3.37692,0.308972,-1.48217,
203,-1.87055,0.392844,3.37692,0.308972,-1.48217,
204,-1.87055,0.392844,3.37692,0.308972,-1.48217,
205,-1.87055,0.392844,3.37692,0.308972,-1.48256,
206,-1.87055,0.392844,3.37692,0.308972,-1.48256,
207,-1.87055,0.392844,3.37692,0.308972,-1.48217,
208,-1.87093,0.392845,3.37692,0.308972,-1.48217,
209,-1.87093,0.392845,3.37692,0.308972,-1.48256,
210,-1.87093,0.392844,3.37692,0.308972,-1.48256,
211,-1.87093,0.392844,3.37692,0.308972,-1.48256,
212,-1.87055,0.392844,3.37692,0.308972,-1.48217,
213,-1.87093,0.392844,3.37692,0.308972,-1.48217,
214,-1.87055,0.392844,3.37692,0.308972,-1.48217,
215,-1.87055,0.392844,3.37692,0.308972,-1.48217,
216,-1.87093,0.392844,3.37692,0.308972,-1.48217,
217,-1.87055,0.392844,3.37692,0.308972,-1.48217,
218,-1.87093,0.392844,3.37692,0.308972,-1.48256,
219,-1.87055,0.392844,3.37692,0.308972,-1.48256,
220,-1.87055,0.392844,3.37692,0.308972,-1.48256,
221,-1.87055,0.392844,3.37692,0.308967,-1.48256,
222,-1.87093,0.392844,3.37692,0.308967,-1.48217,
223,-1.87055,0.392844,3.37692,0.308967,-1.48217,
224,-1.87055,0.392844,3.37692,0.308967,-1.48256,
225,-1.87055,0.392844,3.37692,0.308967,-1.48256,
226,-1.87055,0.392845,3.37692,0.308967,-1.48217,
227,-1.87093,0.392845,3.37692,0.308967,-1.48256,
228,-1.87055,0.392845,3.37692,0.308972,-1.48256,
229,-1.87055,0.392844,3.37692,0.308972,-1.48217,
230,-1.87055,0.392844,3.37692,0.308972,-1.48217,
231,-1.87055,0.392844,3.37692,0.308972,-1.48217,
232,-1.87093,0.392844,3.37692,0.308972,-1.48217,
233,-1.87093,0.392844,3.37692,0.308972,-1.48217,
234,-1.87055,0.392845,3.37692,0.308972,-1.48256,
235,-1.87055,0.392844,3.37692,0.308972,-1.48217,
236,-1.87055,0.392845,3.37692,0.308967,-1.48256,
237,-1.87093,0.392845,3.37692,0.308967,-1.48217,
238,-1.87093,0.392845,3.37692,0.308972,-1.48217,
239,-1.87093,0.392845,3.37692,0.308972,-1.48217,
240,-1.87093,0.392845,3.37692,0.308972,-1.48256,
241,-1.87093,0.392844,3.37692,0.308972,-1.48256,
242,-1.87055,0.392844,3.37692,0.308972,-1.48217,
243,-1.87055,0.392844,3.37692,0.308972,-1.48256,
244,-1.87055,0.392844,3.37692,0.308972,-1.48217,
245,-1.87093,0.392844,3.37692,0.308972,-1.48217,
246,-1.87055,0.392844,3.37692,0.308972,-1.48217,
247,-1.87093,0.392844,3.37692,0.308972,-1.48217,
248,-1.87055,0.392844,3.37692,0.308972,-1.48256,
249,-1.87093,0.392844,3.37692,0.308967,-1.48217,
250,-1.87055,0.392844,3.37692,0.308967,-1.48217,
251,-1.87093,0.392844,3.37692,0.308967,-1.48217,
252,-1.87055,0.392844,3.37692,0.308967,-1.48217,
253,-1.87093,0.392844,3.37692,0.308967,-1.48217,
254,-1.87055,0.392844,3.37692,0.308967,-1.48217,
255,-1.87055,0.392845,3.37692,0.308967,-1.48256,
256,-1.87055,0.392844,3.37692,0.308967,-1.48217,
257,-1.87055,0.392845,3.37692,0.308972,-1.48256,
258,-1.87055,0.392844,3.37692,0.308972,-1.48217,
259,-1.87055,0.392844,3.37692,0.308972,-1.48217,
260,-1.87055,0.392844,3.37692,0.308972,-1.48217,
261,-1.87093,0.392844,3.37692,0.308972,-1.48256,
262,-1.87055,0.392844,3.37692,0.308972,-1.48217,
263,-1.87093,0.392844,3.37692,0.308972,-1.48217,
264,-1.87055,0.392844,3.37692,0.308972,-1.48217,
265,-1.87055,0.392844,3.37692,0.308972,-1.48256,
266,-1.87055,0.392844,3.37692,0.308972,-1.48217,
267,-1.87055,0.392844,3.37692,0.308972,-1.48217,
268,-1.87055,0.392844,3.37692,0.308972,-1.48256,
269,-1.87055,0.392844,3.37692,0.308972,-1.48217,
270,-1.87055,0.392844,3.37692,0.308972,-1.48217,
271,-1.87055,0.392844,3.37692,0.308972,-1.48217,
272,-1.87093,0.392844,3.37692,0.308972,-1.48217,
273,-1.87055,0.392845,3.37692,0.308972,-1.48217,
274,-1.87055,0.392845,3.37692,0.308972,-1.48256,
275,-1.87093,0.392845,3.37692,0.308972,-1.48217,
276,-1.87093,0.392844,3.37692,0.308972,-1.48256,
277,-1.87093,0.392844,3.37692,0.308972,-1.48217,
278,-1.87093,0.392844,3.37692,0.308972,-1.48256,
279,-1.87093,0.392844,3.37692,0.308972,-1.48256,
280,-1.87055,0.392845,3.37692,0.308972,-1.48256,
281,-1.87093,0.392844,3.37692,0.308967,-1.48256,
282,-1.87055,0.392844,3.37692,0.308967,-1.48217,
283,-1.87093,0.392844,3.37692,0.308967,-1.48256,
284,-1.87093,0.392844,3.37692,0.308967,-1.48256,
285,-1.87055,0.392844,3.37692,0.308967,-1.48256,
286,-1.87055,0.392844,3.37692,0.308967,-1.48256,
287,-1.87055,0.392844,3.37692,0.308967,-1.48217,
288,-1.87093,0.392844,3.37692,0.308967,-1.48217,
289,-1.87093,0.392844,3.37692,0.308967,-1.48217,
290,-1.87093,0.392844,3.37692,0.308967,-1.48217,
291,-1.87093,0.392844,3.37692,0.308972,-1.48217,
292,-1.87093,0.392844,3.37692,0.308972,-1.48217,
293,-1.87093,0.392844,3.37692,0.308972,-1.48217,
294,-1.87093,0.392844,3.37692,0.308972,-1.48217,
295,-1.87055,0.392844,3.37692,0.308972,-1.48217,
296,-1.87055,0.392844,3.37692,0.308972,-1.48256,
297,-1.87055,0.392844,3.37692,0.308972,-1.48217,
298,-1.87093,0.392845,3.37692,0.308972,-1.48217,
299,-1.87093,0.392845,3.37692,0.308972,-1.48256,
300,-1.87093,0.392845,3.37692,0.308972,-1.48217,
301,-1.87093,0.392844,3.37692,0.308972,-1.48217,
302,-1.87055,0.392844,3.37692,0.308972,-1.48256,
303,-1.87093,0.392844,3.37692,0.308972,-1.48256,
304,-1.87093,0.392844,3.37692,0.308972,-1.48256,
305,-1.87093,0.392844,3.37692,0.308972,-1.48217,
306,-1.87055,0.392844,3.37692,0.308972,-1.48256,
307,-1.87093,0.392844,3.37692,0.308972,-1.48256,
308,-1.87055,0.392844,3.37692,0.308972,-1.48217,
309,-1.87093,0.392844,3.37692,0.308972,-1.48256,
310,-1.87093,0.392844,3.37692,0.308972,-1.48256,
311,-1.87093,0.392844,3.37692,0.308972,-1.48217,
312,-1.87055,0.392844,3.37692,0.308972,-1.48217,
313,-1.87093,0.392844,3.37692,0.308972,-1.48256,
314,-1.87093,0.392844,3.37692,0.308972,-1.48217,
315,-1.87093,0.392844,3.37692,0.308972,-1.48256,
316,-1.87093,0.392844,3.37692,0.308972,-1.48217,
317,-1.87093,0.392844,3.37692,0.308972,-1.48217,
318,-1.87055,0.392844,3.37692,0.308972,-1.48256,
319,-1.87093,0.392844,3.37692,0.308972,-1.48256,
320,-1.87055,0.392844,3.37692,0.308967,-1.48256,
321,-1.87093,0.392844,3.37692,0.308967,-1.48256,
322,-1.87093,0.392844,3.37692,0.308967,-1.48256,
323,-1.87093,0.392844,3.37692,0.308967,-1.48256,
324,-1.87055,0.392844,3.37692,0.308972,-1.48256,
325,-1.87055,0.392844,3.37692,0.308972,-1.48217,
326,-1.87055,0.392844,3.37692,0.308972,-1.48256,
327,-1.87093,0.392844,3.37692,0.308967,-1.48256,
328,-1.87055,0.392845,3.37692,0.308967,-1.48217,
329,-1.87055,0.392845,3.37692,0.308967,-1.48256,
330,-1.87055,0.392844,3.37692,0.308967,-1.48256,
331,-1.87055,0.392845,3.37692,0.308967,-1.48256,
332,-1.87055,0.392845,3.37692,0.308972,-1.48256,
333,-1.87055,0.392845,3.37692,0.308972,-1.48256,
334,-1.87055,0.392845,3.37692,0.308972,-1.48217,
335,-1.87055,0.392845,3.37692,0.308972,-1.48256,
336,-1.87055,0.392845,3.37692,0.308972,-1.48217,
337,-1.87055,0.392845,3.37692,0.308972,-1.48217,
338,-1.87093,0.392844,3.37692,0.308972,-1.48256,
339,-1.87055,0.392844,3.37692,0.308972,-1.48217,
340,-1.87055,0.392844,3.37692,0.308972,-1.48217,
341,-1.87055,0.392844,3.37692,0.308972,-1.48217,
342,-1.87055,0.392844,3.37692,0.308972,-1.48256,
343,-1.87093,0.392844,3.37692,0.308972,-1.48217,
344,-1.87055,0.392844,3.37692,0.308972,-1.48256,
345,-1.87055,0.392844,3.37692,0.308972,-1.48217,
346,-1.87093,0.392844,3.37692,0.308972,-1.48256,
347,-1.87055,0.392844,3.37692,0.308972,-1.48217,
348,-1.87055,0.392844,3.37692,0.308972,-1.48217,
349,-1.87055,0.392844,3.37692,0.308972,-1.48217,
350,-1.87055,0.392844,3.37692,0.308972,-1.48217,
351,-1.87055,0.392844,3.37692,0.308972,-1.48217,
352,-1.87055,0.392844,3.37692,0.308972,-1.48256,
353,-1.87055,0.392844,3.37692,0.308972,-1.48217,
354,-1.87055,0.392844,3.37692,0.308972,-1.48217,
355,-1.87055,0.392844,3.37692,0.308972,-1.48256,
356,-1.87055,0.392844,3.37692,0.308972,-1.48217,
357,-1.87055,0.392844,3.37692,0.308972,-1.48256,
358,-1.87055,0.392844,3.37692,0.308972,-1.48256,
359,-1.87055,0.392844,3.37692,0.308972,-1.48217,
360,-1.87055,0.392844,3.37692,0.308972,-1.48217,
361,-1.87055,0.392844,3.37692,0.308972,-1.48217,
362,-1.87055,0.392844,3.37692,0.308972,-1.48256,
363,-1.87093,0.392845,3.37692,0.308967,-1.48217,
364,-1.87093,0.392845,3.37692,0.308967,-1.48217,
365,-1.87055,0.392845,3.37692,0.308967,-1.48217,
366,-1.87093,0.392844,3.37692,0.308967,-1.48256,
367,-1.87055,0.392844,3.37692,0.308967,-1.48217,
368,-1.87055,0.392844,3.37692,0.308967,-1.48217,
369,-1.87055,0.392844,3.37692,0.308967,-1.48217,
370,-1.87055,0.392844,3.37692,0.308967,-1.48217,
371,-1.87055,0.392844,3.37692,0.308967,-1.48256,
372,-1.87055,0.392844,3.37692,0.308967,-1.48217,
373,-1.87093,0.392844,3.37692,0.308967,-1.48217,
374,-1.87055,0.392844,3.37692,0.308967,-1.48256,
375,-1.87093,0.392845,3.37692,0.308967,-1.48217,
376,-1.87055,0.392845,3.37692,0.308967,-1.48217,
377,-1.87093,0.392845,3.37692,0.308972,-1.48217,
378,-1.87016,0.392845,3.37692,0.308972,-1.48217,
379,-1.87055,0.392845,3.37692,0.308972,-1.48217,
380,-1.87055,0.392845,3.37692,0.308972,-1.48217,
381,-1.87093,0.392845,3.37692,0.308972,-1.48217,
382,-1.87093,0.392845,3.37692,0.308972,-1.48217,
383,-1.87093,0.392845,3.37692,0.308972,-1.48217,
384,-1.87093,0.392844,3.37692,0.308972,-1.48217,
385,-1.87093,0.392844,3.37692,0.308972,-1.48217,
386,-1.87055,0.392844,3.37692,0.308972,-1.48217,
387,-1.87055,0.392844,3.37692,0.308972,-1.48179,
388,-1.87055,0.392844,3.37692,0.308972,-1.48217,
389,-1.87093,0.392844,3.37692,0.308972,-1.48217,
390,-1.87055,0.392844,3.37692,0.308972,-1.48217,
391,-1.87055,0.392844,3.37692,0.308972,-1.48217,
392,-1.87093,0.392844,3.37692,0.308972,-1.48217,
393,-1.87093,0.392845,3.37692,0.308972,-1.48217,
394,-1.87055,0.392844,3.37692,0.308972,-1.48217,
395,-1.87055,0.392844,3.37692,0.308972,-1.48217,
396,-1.87055,0.392844,3.37692,0.308972,-1.48217,
397,-1.87093,0.392844,3.37692,0.308972,-1.48217,
398,-1.87055,0.392844,3.37692,0.308972,-1.48217,
399,-1.87093,0.392844,3.37692,0.308972,-1.48217,
400,-1.87055,0.392844,3.37692,0.308972,-1.48217,
401,-1.87055,0.392844,3.37692,0.308972,-1.48217,
402,-1.87055,0.392844,3.37692,0.308972,-1.48217,
403,-1.87093,0.392844,3.37692,0.308972,-1.48217,
404,-1.87093,0.392845,3.37692,0.308972,-1.48217,
405,-1.87093,0.392844,3.37692,0.308972,-1.48217,
406,-1.87055,0.392845,3.37692,0.308972,-1.48217,
407,-1.87055,0.392844,3.37692,0.308972,-1.48217,
408,-1.87055,0.392845,3.37692,0.308972,-1.48217,
409,-1.87093,0.392845,3.37692,0.308972,-1.48256,
410,-1.87093,0.392845,3.37692,0.308972,-1.48217,
411,-1.87093,0.392845,3.37692,0.308972,-1.48217,
412,-1.87055,0.392845,3.37692,0.308972,-1.48217,
413,-1.87055,0.392845,3.37692,0.308972,-1.48217,
414,-1.87055,0.392844,3.37692,0.308972,-1.48217,
415,-1.87055,0.392844,3.37692,0.308972,-1.48217,
416,-1.87055,0.392844,3.37692,0.308972,-1.48217,
417,-1.87055,0.392844,3.37692,0.308972,-1.48217,
418,-1.87055,0.392844,3.37692,0.308972,-1.48217,
419,-1.87055,0.392844,3.37692,0.308972,-1.48217,
420,-1.87093,0.392844,3.37692,0.308972,-1.48217,
421,-1.87055,0.392844,3.37692,0.308972,-1.48217,
422,-1.87055,0.392844,3.37692,0.308972,-1.48217,
423,-1.87055,0.392845,3.37692,0.308972,-1.48217,
424,-1.87093,0.392845,3.37692,0.308972,-1.48217,
425,-1.87055,0.392845,3.37692,0.308967,-1.48256,
426,-1.87055,0.392844,3.37692,0.308967,-1.48217,
427,-1.87055,0.392844,3.37692,0.308967,-1.48217,
428,-1.87055,0.392844,3.37692,0.308967,-1.48217,
429,-1.87093,0.392844,3.37692,0.308967,-1.48217,
430,-1.87093,0.392844,3.37692,0.308967,-1.48217,
431,-1.87093,0.392844,3.37692,0.308967,-1.48217,
432,-1.87055,0.392845,3.37692,0.308967,-1.48217,
433,-1.87055,0.392844,3.37692,0.308967,-1.48179,
434,-1.87055,0.392844,3.37692,0.308972,-1.48217,
435,-1.87055,0.392845,3.37692,0.308972,-1.48217,
436,-1.87093,0.392844,3.37692,0.308972,-1.48217,
437,-1.87055,0.392844,3.37692,0.308972,-1.48217,
438,-1.87093,0.392844,3.37692,0.308972,-1.48217,
439,-1.87093,0.392844,3.37692,0.308972,-1.48217,
440,-1.87093,0.392844,3.37692,0.308972,-1.48217,
441,-1.87055,0.392844,3.37692,0.308972,-1.48217,
442,-1.87055,0.392844,3.37692,0.308972,-1.48217,
443,-1.87055,0.392844,3.37692,0.308972,-1.48256,
444,-1.87055,0.392844,3.37692,0.308967,-1.48256,
445,-1.87093,0.392844,3.37692,0.308972,-1.48217,
446,-1.87055,0.392844,3.37692,0.308972,-1.48217,
447,-1.87093,0.392844,3.37692,0.308972,-1.48217,
448,-1.87093,0.392845,3.37692,0.308967,-1.48256,
449,-1.87055,0.392844,3.37692,0.308967,-1.48217,
450,-1.87055,0.392844,3.37692,0.308967,-1.48217,
451,-1.87093,0.392844,3.37692,0.308967,-1.48217,
452,-1.87093,0.392844,3.37692,0.308967,-1.48256,
453,-1.87093,0.392844,3.37692,0.308967,-1.48217,
454,-1.87055,0.392844,3.37692,0.308967,-1.48217,
455,-1.87055,0.392844,3.37692,0.308967,-1.48217,
456,-1.87093,0.392844,3.37692,0.308972,-1.48217,
457,-1.87093,0.392844,3.37692,0.308972,-1.48217,
458,-1.87093,0.392844,3.37692,0.308972,-1.48256,
459,-1.87093,0.392845,3.37692,0.308972,-1.48256,
460,-1.87093,0.392844,3.37692,0.308972,-1.48256,
461,-1.87055,0.392844,3.37692,0.308972,-1.48217,
462,-1.87055,0.392845,3.37692,0.308972,-1.48256,
463,-1.87055,0.392844,3.37692,0.308972,-1.48217,
464,-1.87055,0.392844,3.37692,0.308972,-1.48217,
465,-1.87055,0.392844,3.37692,0.308972,-1.48217,
466,-1.87055,0.392844,3.37692,0.308972,-1.48217,
467,-1.87055,0.392844,3.37692,0.308972,-1.48217,
468,-1.87055,0.392844,3.37692,0.308972,-1.48217,
469,-1.87093,0.392844,3.37692,0.308972,-1.48217,
470,-1.87093,0.392844,3.37692,0.308972,-1.48217,
471,-1.87093,0.392844,3.37692,0.308972,-1.48217,
472,-1.87093,0.392844,3.37692,0.308972,-1.48217,
473,-1.87055,0.392844,3.37692,0.308972,-1.48217,
474,-1.87093,0.392845,3.37692,0.308972,-1.48179,
475,-1.87055,0.392845,3.37692,0.308972,-1.48217,
476,-1.87093,0.392845,3.37692,0.308972,-1.48217,
477,-1.87055,0.392844,3.37692,0.308972,-1.48217,
478,-1.87055,0.392845,3.37692,0.308972,-1.48217,
479,-1.87093,0.392844,3.37692,0.308972,-1.48217,
480,-1.87055,0.392844,3.37692,0.308972,-1.48217,
481,-1.87093,0.392844,3.37692,0.308972,-1.48217,
482,-1.87055,0.392844,3.37692,0.308972,-1.48217,
483,-1.87055,0.392844,3.37692,0.308972,-1.48217,
484,-1.87055,0.392844,3.37692,0.308972,-1.48217,
485,-1.87055,0.392844,3.37692,0.308972,-1.48217,
486,-1.87055,0.392844,3.37692,0.308972,-1.48217,
487,-1.87055,0.392844,3.37692,0.308972,-1.48217,
488,-1.87093,0.392844,3.37692,0.308967,-1.48217,
489,-1.87055,0.392844,3.37692,0.308967,-1.48217,
490,-1.87093,0.392844,3.37692,0.308967,-1.48217,
491,-1.87093,0.392844,3.37692,0.308967,-1.48217,
492,-1.87093,0.392844,3.37692,0.308967,-1.48217,
493,-1.87093,0.392844,3.37692,0.308967,-1.48217,
494,-1.87093,0.392844,3.37692,0.308967,-1.48217,
495,-1.87093,0.392845,3.37692,0.308967,-1.48217,
496,-1.87093,0.392845,3.37692,0.308967,-1.48217,
497,-1.87093,0.392844,3.37692,0.308967,-1.48217,
498,-1.87093,0.392845,3.37692,0.308967,-1.48217,
499,-1.87055,0.392844,3.37692,0.308972,-1.48256,
500,-1.87093,0.392844,3.37692,0.308972,-1.48217,
501,-1.87093,0.392845,3.37692,0.308972,-1.48217,
502,-1.87055,0.392845,3.37692,0.308972,-1.48217,
503,-1.87055,0.392845,3.37692,0.308972,-1.48256,
504,-1.87055,0.392844,3.37692,0.308972,-1.48217,
505,-1.87055,0.392844,3.37692,0.308972,-1.48217,
506,-1.87093,0.392845,3.37692,0.308972,-1.48256,
507,-1.87093,0.392845,3.37692,0.308972,-1.48217,
508,-1.87055,0.392845,3.37692,0.308972,-1.48256,
509,-1.87055,0.392845,3.37692,0.308972,-1.48217,
510,-1.87055,0.392845,3.37692,0.308972,-1.48217,
511,-1.87055,0.392845,3.37692,0.308972,-1.48217,
512,-1.87093,0.392845,3.37692,0.308972,-1.48217,
513,-1.87055,0.392845,3.37692,0.308972,-1.48256,
514,-1.87093,0.392844,3.37692,0.308972,-1.48217,
515,-1.87093,0.392845,3.37692,0.308972,-1.48217,
516,-1.87055,0.392844,3.37692,0.308972,-1.48217,
517,-1.87055,0.392844,3.37692,0.308972,-1.48217,
518,-1.87055,0.392844,3.37692,0.308972,-1.48217,
519,-1.87055,0.392844,3.37692,0.308972,-1.48217,
520,-1.87055,0.392844,3.37692,0.308972,-1.48217,
521,-1.87055,0.392844,3.37692,0.308972,-1.48217,
522,-1.87055,0.392844,3.37692,0.308972,-1.48217,
523,-1.87055,0.392844,3.37692,0.308972,-1.48217,
524,-1.87055,0.392844,3.37692,0.308972,-1.48217,
525,-1.87055,0.392844,3.37692,0.308972,-1.48217,
526,-1.87055,0.392844,3.37692,0.308972,-1.48217,
527,-1.87055,0.392844,3.37692,0.308972,-1.48256,
528,-1.87055,0.392844,3.37692,0.308972,-1.48217,
529,-1.87055,0.392845,3.37692,0.308972,-1.48217,
530,-1.87055,0.392844,3.37692,0.308972,-1.48217,
531,-1.87093,0.392844,3.37692,0.308972,-1.48217,
532,-1.87055,0.392845,3.37692,0.308972,-1.48217,
533,-1.87055,0.392844,3.37692,0.308967,-1.48179,
534,-1.87055,0.392845,3.37692,0.308967,-1.48217,
535,-1.87055,0.392845,3.37692,0.308967,-1.48217,
536,-1.87055,0.392845,3.37692,0.308967,-1.48256,
537,-1.87055,0.392844,3.37692,0.308967,-1.48217,
538,-1.87055,0.392844,3.37692,0.308967,-1.48256,
539,-1.87055,0.392844,3.37692,0.308967,-1.48217,
540,-1.87093,0.392845,3.37692,0.308972,-1.48217,
541,-1.87055,0.392845,3.37692,0.308972,-1.48217,
542,-1.87055,0.392844,3.37692,0.308972,-1.48217,
543,-1.87055,0.392845,3.37692,0.308972,-1.48256,
544,-1.87055,0.392844,3.37692,0.308972,-1.48217,
545,-1.87093,0.392845,3.37692,0.308972,-1.48217,
546,-1.87055,0.392844,3.37692,0.308972,-1.48217,
547,-1.87055,0.392845,3.37692,0.308972,-1.48217,
548,-1.87055,0.392845,3.37692,0.308972,-1.48256,
549,-1.87055,0.392844,3.37692,0.308972,-1.48217,
550,-1.87055,0.392844,3.37692,0.308972,-1.48256,
551,-1.87093,0.392844,3.37692,0.308972,-1.48217,
552,-1.87055,0.392844,3.37692,0.308972,-1.48217,
553,-1.87093,0.392844,3.37692,0.308972,-1.48256,
554,-1.87093,0.392844,3.37692,0.308972,-1.48256,
555,-1.87055,0.392844,3.37692,0.308967,-1.48217,
556,-1.87055,0.392844,3.37692,0.308967,-1.48217,
557,-1.87055,0.392844,3.37692,0.308967,-1.48217,
558,-1.87055,0.392844,3.37692,0.308967,-1.48217,
559,-1.87055,0.392844,3.37692,0.308967,-1.48217,
560,-1.87093,0.392844,3.37692,0.308967,-1.48217,
561,-1.87093,0.392844,3.37692,0.308967,-1.48217,
562,-1.87093,0.392844,3.37692,0.308967,-1.48256,
563,-1.87093,0.392844,3.37692,0.308967,-1.48217,
564,-1.87055,0.392844,3.37692,0.308967,-1.48217,
565,-1.87055,0.392844,3.37692,0.308967,-1.48217,
566,-1.87093,0.392845,3.37692,0.308972,-1.48217,
567,-1.87093,0.392845,3.37692,0.308972,-1.48217,
568,-1.87093,0.392844,3.37692,0.308972,-1.48256,
569,-1.87093,0.392844,3.37692,0.308972,-1.48217,
570,-1.87093,0.392844,3.37692,0.308972,-1.48217,
571,-1.87093,0.392844,3.37692,0.308972,-1.48217,
572,-1.87093,0.392844,3.37692,0.308972,-1.48217,
573,-1.87093,0.392844,3.37692,0.308972,-1.48217,
574,-1.87093,0.392844,3.37692,0.308967,-1.48217,
575,-1.87055,0.392844,3.37692,0.308967,-1.48217,
576,-1.87055,0.392844,3.37692,0.308967,-1.48217,
577,-1.87093,0.392844,3.37692,0.308967,-1.48217,
578,-1.87093,0.392844,3.37692,0.308972,-1.48217,
579,-1.87055,0.392844,3.37692,0.308972,-1.48217,
580,-1.87093,0.392844,3.37692,0.308972,-1.48217,
581,-1.87093,0.392844,3.37692,0.308972,-1.48217,
582,-1.87055,0.392844,3.37692,0.308972,-1.48256,
583,-1.87055,0.392844,3.37692,0.308972,-1.48217,
584,-1.87055,0.392844,3.37692,0.308972,-1.48217,
585,-1.87093,0.392844,3.37692,0.308972,-1.48217,
586,-1.87055,0.392844,3.37692,0.308972,-1.48256,
587,-1.87093,0.392844,3.37692,0.308972,-1.48217,
588,-1.87093,0.392844,3.37692,0.308972,-1.48217,
589,-1.87093,0.392844,3.37692,0.308972,-1.48217,
590,-1.87093,0.392844,3.37692,0.308972,-1.48217,
591,-1.87055,0.392844,3.37692,0.308972,-1.48217,
592,-1.87055,0.392844,3.37692,0.308983,-1.48217,
593,-1.87093,0.392842,3.37699,0.309101,-1.48217,
594,-1.87055,0.392819,3.37716,0.309311,-1.48179,
595,-1.87055,0.392783,3.37734,0.309606,-1.48179,
596,-1.87055,0.392727,3.37759,0.309923,-1.4814,
597,-1.87016,0.392639,3.37785,0.310384,-1.48102,
598,-1.87016,0.392543,3.37816,0.310862,-1.48025,
599,-1.86978,0.392485,3.37836,0.311136,-1.48025,
600,-1.86901,0.392253,3.37891,0.312059,-1.47911,
601,-1.86863,0.39208,3.3794,0.312741,-1.47834,
602,-1.86786,0.391889,3.37989,0.313493,-1.47719,
603,-1.8671,0.391664,3.38042,0.314271,-1.47642,
604,-1.86671,0.391529,3.38068,0.314685,-1.47527,
605,-1.86556,0.391133,3.38154,0.315936,-1.46837,
606,-1.86403,0.390804,3.38214,0.316639,-1.46453,
607,-1.86364,0.390499,3.38273,0.317944,-1.46031,
608,-1.86288,0.39018,3.38334,0.318857,-1.45533,
609,-1.86134,0.389842,3.38397,0.319549,-1.45264,
610,-1.85981,0.389497,3.38465,0.320467,-1.44804,
611,-1.85828,0.389122,3.38526,0.321423,-1.44076,
612,-1.85751,0.388751,3.38592,0.322711,-1.43232,
613,-1.85713,0.388565,3.38624,0.323216,-1.42925,
614,-1.85482,0.387984,3.38726,0.324472,-1.4258,
615,-1.85406,0.38779,3.38763,0.325015,-1.42465,
616,-1.85137,0.38716,3.38882,0.326888,-1.41391,
617,-1.85022,0.386716,3.38963,0.3283,-1.40279,
618,-1.84831,0.386244,3.39059,0.329675,-1.39435,
619,-1.84639,0.385743,3.39153,0.33106,-1.39052,
620,-1.84409,0.385208,3.39261,0.332692,-1.38592,
621,-1.84217,0.384641,3.3937,0.33448,-1.37786,
622,-1.8414,0.384339,3.3943,0.335345,-1.37249,
623,-1.83833,0.383426,3.39602,0.33797,-1.356,
624,-1.83603,0.382801,3.39722,0.339489,-1.34757,
625,-1.83335,0.382137,3.39829,0.341261,-1.34028,
626,-1.83067,0.381466,3.39949,0.343027,-1.33031,
627,-1.82836,0.380773,3.40084,0.344982,-1.31727,
628,-1.82721,0.380413,3.40141,0.345937,-1.31075,
629,-1.82261,0.379324,3.40332,0.348783,-1.29388,
630,-1.81954,0.378561,3.40464,0.350866,-1.28582,
631,-1.81801,0.378173,3.40534,0.351983,-1.28084,
632,-1.81379,0.376969,3.40748,0.355193,-1.25898,
633,-1.81034,0.376164,3.40887,0.357427,-1.24364,
634,-1.8065,0.375328,3.41034,0.359553,-1.23175,
635,-1.80344,0.374471,3.41182,0.361749,-1.22101,
636,-1.80037,0.373586,3.41327,0.36402,-1.20836,
637,-1.79883,0.373148,3.41404,0.365137,-1.20069,
638,-1.79347,0.371781,3.41645,0.36861,-1.17499,
639,-1.79001,0.370862,3.4181,0.371102,-1.15965,
640,-1.78656,0.369892,3.41977,0.373727,-1.14508,
641,-1.78234,0.368915,3.42147,0.376272,-1.13127,
642,-1.77851,0.367919,3.42317,0.378919,-1.11517,
643,-1.77697,0.367415,3.42397,0.380186,-1.10673,
644,-1.77046,0.365874,3.42664,0.384186,-1.07912,
645,-1.76854,0.365334,3.42759,0.385598,-1.06991,
646,-1.7624,0.36372,3.43026,0.389624,-1.04499,
647,-1.75818,0.362612,3.43224,0.392534,-1.02812,
648,-1.75396,0.361502,3.43407,0.395262,-1.00971,
649,-1.74975,0.360363,3.43603,0.398403,-0.988617,
650,-1.74476,0.359193,3.43803,0.401404,-0.967903,
651,-1.74246,0.358609,3.4391,0.402945,-0.957933,
652,-1.73594,0.356828,3.44205,0.407401,-0.92994,
653,-1.73364,0.356207,3.44314,0.408931,-0.920737,
654,-1.72597,0.354361,3.44616,0.413581,-0.89044,
655,-1.72137,0.353114,3.44826,0.41678,-0.868578,
656,-1.71638,0.351831,3.45039,0.420093,-0.848638,
657,-1.7114,0.35055,3.45251,0.423363,-0.829465,
658,-1.70641,0.349247,3.45469,0.42667,-0.809906,
659,-1.70143,0.347936,3.45685,0.429822,-0.790347,
660,-1.69606,0.346586,3.45914,0.433188,-0.769253,
661,-1.69069,0.345236,3.46141,0.436474,-0.748545,
662,-1.68494,0.343848,3.46376,0.440044,-0.728605,
663,-1.67995,0.342477,3.46595,0.443539,-0.709432,
664,-1.67381,0.341096,3.46821,0.447158,-0.689486,
665,-1.66845,0.339673,3.47064,0.45061,-0.669927,
666,-1.66231,0.338222,3.47302,0.454191,-0.649606,
667,-1.65656,0.336776,3.47548,0.457778,-0.630047,
668,-1.65119,0.335287,3.47789,0.461573,-0.608571,
669,-1.64544,0.333807,3.48041,0.465563,-0.587863,
670,-1.6393,0.332295,3.48291,0.469213,-0.569453,
671,-1.63585,0.331532,3.48416,0.471087,-0.559864,
672,-1.62664,0.329231,3.48783,0.476558,-0.529573,
673,-1.62051,0.327717,3.49023,0.480123,-0.509246,
674,-1.61476,0.326169,3.4928,0.484037,-0.48777,
675,-1.60862,0.324639,3.49521,0.487785,-0.468211,
676,-1.60249,0.323089,3.49767,0.491677,-0.448652,
677,-1.59635,0.321533,3.50012,0.495285,-0.42948,
678,-1.58983,0.319975,3.50266,0.498888,-0.409534,
679,-1.58331,0.318417,3.50514,0.502576,-0.389594,
680,-1.57679,0.316857,3.50765,0.506436,-0.367737,
681,-1.57066,0.315301,3.51004,0.510259,-0.347029,
682,-1.56414,0.313747,3.51255,0.514033,-0.328238,
683,-1.55762,0.312182,3.51498,0.517598,-0.309828,
684,-1.55148,0.310618,3.51749,0.521319,-0.289501,
685,-1.54496,0.309052,3.51984,0.525066,-0.269942,
686,-1.53806,0.307498,3.52244,0.528809,-0.247704,
687,-1.53192,0.305932,3.52481,0.532588,-0.22699,
688,-1.52579,0.30437,3.52743,0.536443,-0.207818,
689,-1.51927,0.302799,3.52987,0.5401,-0.189027,
690,-1.51275,0.30124,3.5323,0.543648,-0.169854,
691,-1.50661,0.299667,3.53467,0.547444,-0.149527,
692,-1.50354,0.298896,3.53591,0.549232,-0.13879,
693,-1.49396,0.296577,3.53949,0.554773,-0.106576,
694,-1.48744,0.295052,3.5418,0.558332,-0.0881658,
695,-1.4813,0.29352,3.54419,0.561811,-0.0693748,
696,-1.47516,0.292024,3.54645,0.565199,-0.0494338,
697,-1.46864,0.29051,3.54882,0.568437,-0.0302618,
698,-1.46212,0.289048,3.55102,0.57205,-0.00725083,
699,-1.45906,0.288308,3.55206,0.57372,0.00387417,
700,-1.44947,0.286125,3.55536,0.57875,0.0322492,
701,-1.44372,0.284683,3.55755,0.58216,0.0506592,
702,-1.44065,0.283965,3.55866,0.583518,0.0594802,
703,-1.43145,0.281848,3.56181,0.588318,0.0913072,
704,-1.42608,0.280455,3.56387,0.591496,0.11355,
705,-1.41994,0.27909,3.56598,0.594621,0.133877,
706,-1.41419,0.27772,3.56811,0.597901,0.152282,
707,-1.40805,0.276369,3.57003,0.600779,0.170311,
708,-1.40268,0.275045,3.572,0.60392,0.190632,
709,-1.39693,0.273739,3.574,0.606723,0.212876,
710,-1.39156,0.272449,3.57586,0.609525,0.232816,
711,-1.38619,0.271159,3.57775,0.61251,0.251994,
712,-1.38351,0.270527,3.57877,0.613917,0.261583,
713,-1.37545,0.268659,3.58145,0.618201,0.291112,
714,-1.37047,0.267435,3.5833,0.620843,0.312201,
715,-1.3674,0.266829,3.5842,0.622196,0.32179,
716,-1.35973,0.265054,3.58679,0.626169,0.352468,
717,-1.35475,0.263881,3.58853,0.628676,0.372794,
718,-1.34976,0.262736,3.59022,0.631087,0.391967,
719,-1.34478,0.261621,3.5918,0.633653,0.411145,
720,-1.34209,0.261056,3.59262,0.634904,0.421115,
721,-1.33519,0.259421,3.59498,0.63855,0.452561,
722,-1.33059,0.258364,3.59646,0.640826,0.472888,
723,-1.32598,0.257323,3.59792,0.643129,0.49206,
724,-1.32138,0.256305,3.59952,0.645406,0.510851,
725,-1.31947,0.255793,3.60022,0.646463,0.521208,
726,-1.31256,0.254315,3.60229,0.649647,0.552267,
727,-1.30834,0.253354,3.60371,0.651634,0.573743,
728,-1.30413,0.252403,3.60507,0.653663,0.592921,
729,-1.30029,0.251492,3.60643,0.655773,0.611326,
730,-1.29607,0.250573,3.6077,0.657706,0.631271,
731,-1.29224,0.249688,3.60904,0.659649,0.651979,
732,-1.2884,0.248822,3.61027,0.661609,0.672687,
733,-1.28495,0.247983,3.61136,0.663268,0.693014,
734,-1.28112,0.247153,3.6125,0.665061,0.711419,
735,-1.27728,0.24636,3.61369,0.666849,0.731745,
736,-1.27383,0.245562,3.61479,0.668557,0.752453,
737,-1.27076,0.244789,3.61593,0.670199,0.773548,
738,-1.26923,0.24441,3.61645,0.671015,0.783131,
739,-1.26424,0.243288,3.61802,0.673244,0.811898,
740,-1.26079,0.242578,3.61898,0.67479,0.830689,
741,-1.25772,0.241878,3.61996,0.676164,0.851779,
742,-1.25619,0.241554,3.62032,0.676835,0.862517,
743,-1.25159,0.240608,3.62147,0.678548,0.893581,
744,-1.24813,0.240019,3.62218,0.679563,0.912754,
745,-1.24699,0.239732,3.62251,0.680137,0.921575,
746,-1.24353,0.238919,3.62351,0.681678,0.951872,
747,-1.24123,0.238408,3.62415,0.682623,0.972198,
748,-1.23855,0.237927,3.62484,0.683514,0.99252,
749,-1.23625,0.237452,3.62541,0.684486,1.01247,
750,-1.2351,0.237223,3.62569,0.685007,1.02244,
751,-1.23203,0.236557,3.62658,0.686269,1.05158,
752,-1.23049,0.236346,3.62686,0.686618,1.06155,
753,-1.22781,0.235732,3.62767,0.688024,1.093,
754,-1.22628,0.235342,3.62819,0.688814,1.11371,
755,-1.22436,0.234955,3.62872,0.689512,1.13211,
756,-1.22244,0.23459,3.62919,0.690183,1.15129,
757,-1.22091,0.234238,3.62971,0.690875,1.17085,
758,-1.21937,0.233902,3.63012,0.691589,1.19271,
759,-1.21746,0.233585,3.6305,0.692142,1.21341,
760,-1.2163,0.233279,3.63084,0.692701,1.23297,
761,-1.21477,0.232994,3.63116,0.693168,1.25176,
762,-1.214,0.232854,3.63128,0.693377,1.26135,
763,-1.21209,0.232485,3.63169,0.693957,1.29242,
764,-1.21094,0.23226,3.63189,0.694268,1.31274,
765,-1.21017,0.232063,3.63204,0.694483,1.3323,
766,-1.20825,0.231732,3.63223,0.694779,1.37142,
767,-1.2071,0.231603,3.63228,0.694854,1.39289,
768,-1.20633,0.2315,3.6323,0.694886,1.41322,
769,-1.20595,0.231409,3.63231,0.694897,1.42817,
770,-1.20557,0.231375,3.63231,0.694902,1.43469,
771,-1.20518,0.231314,3.63231,0.694907,1.44658,
772,-1.20442,0.231266,3.63231,0.694907,1.45924,
773,-1.20403,0.231198,3.6323,0.694907,1.48109,
774,-1.20365,0.231164,3.6323,0.694902,1.49299,
775,-1.20327,0.231137,3.63229,0.694897,1.50142,
776,-1.20327,0.231116,3.63229,0.694897,1.50832,
777,-1.20288,0.2311,3.63228,0.694891,1.51638,
778,-1.2025,0.231084,3.63228,0.694886,1.5252,
779,-1.2025,0.231072,3.63228,0.694886,1.5344,
780,-1.20212,0.231068,3.63227,0.694886,1.53862,
781,-1.20212,0.231055,3.63227,0.69488,1.54667,
782,-1.20173,0.231049,3.63227,0.69488,1.55204,
783,-1.20173,0.231043,3.63227,0.694875,1.55664,
784,-1.20173,0.231035,3.63227,0.69487,1.56585,
785,-1.20173,0.231034,3.63227,0.69487,1.56853,
786,-1.20135,0.231029,3.63227,0.69487,1.57697,
787,-1.20135,0.231028,3.63227,0.69487,1.57889,
788,-1.20135,0.231026,3.63227,0.69487,1.57927,
789,-1.20135,0.231024,3.63227,0.69487,1.58195,
790,-1.20135,0.231023,3.63227,0.69487,1.58617,
791,-1.20135,0.231022,3.63227,0.69487,1.59116,
792,-1.20135,0.231021,3.63228,0.69487,1.59538,
793,-1.20135,0.23102,3.63228,0.69487,1.59653,
794,-1.20135,0.23102,3.63228,0.69487,1.59653,
795,-1.20135,0.231019,3.63228,0.69487,1.59653,
796,-1.20135,0.231019,3.63228,0.69487,1.59768,
797,-1.20097,0.231018,3.63228,0.69487,1.5996,
798,-1.20097,0.231018,3.63228,0.69487,1.60075,
799,-1.20135,0.231018,3.63228,0.694875,1.60497,
800,-1.20135,0.231018,3.63228,0.694875,1.60611,
801,-1.20097,0.231017,3.63228,0.694875,1.60765,
802,-1.20097,0.231017,3.63228,0.694875,1.60842,
803,-1.20097,0.231017,3.63228,0.69487,1.6111,
804,-1.20097,0.231017,3.63228,0.69487,1.61148,
805,-1.20097,0.231017,3.63228,0.694875,1.61302,
806,-1.20135,0.231017,3.63228,0.694875,1.61417,
807,-1.20097,0.231017,3.63228,0.694875,1.61417,
808,-1.20097,0.231017,3.63228,0.69487,1.61417,
809,-1.20097,0.231017,3.63228,0.69487,1.61455,
810,-1.20135,0.231017,3.63228,0.694875,1.61455,
811,-1.20097,0.231017,3.63228,0.69487,1.61532,
812,-1.20097,0.231017,3.63228,0.69487,1.6157,
813,-1.20135,0.231017,3.63228,0.69487,1.6157,
814,-1.20135,0.231017,3.63228,0.69487,1.6157,
815,-1.20097,0.231017,3.63228,0.69487,1.61647,
816,-1.20097,0.231017,3.63228,0.694875,1.61685,
817,-1.20135,0.231017,3.63228,0.694875,1.61685,
818,-1.20135,0.231017,3.63228,0.694875,1.61724,
819,-1.20097,0.231017,3.63228,0.694875,1.61762,
820,-1.20097,0.231017,3.63228,0.694875,1.61762,
821,-1.20097,0.231017,3.63228,0.694875,1.61762,
822,-1.20135,0.231017,3.63228,0.694875,1.61762,
823,-1.20135,0.231017,3.63228,0.694875,1.618,
824,-1.20097,0.231017,3.63228,0.694875,1.618,
825,-1.20135,0.231017,3.63228,0.694875,1.618,
826,-1.20097,0.231017,3.63228,0.694875,1.61839,
827,-1.20135,0.231017,3.63228,0.69487,1.61839,
828,-1.20097,0.231017,3.63228,0.694875,1.61916,
829,-1.20097,0.231017,3.63228,0.694875,1.61877,
830,-1.20097,0.231017,3.63228,0.69487,1.61916,
831,-1.20097,0.231017,3.63228,0.69487,1.61916,
832,-1.20097,0.231017,3.63228,0.69487,1.61916,
833,-1.20097,0.231017,3.63228,0.694875,1.61916,
834,-1.20135,0.231017,3.63228,0.694875,1.61916,
835,-1.20097,0.231017,3.63228,0.694875,1.61916,
836,-1.20097,0.231017,3.63228,0.694875,1.61916,
837,-1.20097,0.231017,3.63228,0.694875,1.61916,
838,-1.20097,0.231017,3.63228,0.69487,1.61954,
839,-1.20097,0.231017,3.63228,0.69487,1.61954,
840,-1.20097,0.231017,3.63228,0.69487,1.61992,
841,-1.20097,0.231017,3.63228,0.69487,1.61992,
842,-1.20097,0.231017,3.63228,0.694875,1.61954,
843,-1.20097,0.231017,3.63228,0.694875,1.61992,
844,-1.20097,0.231017,3.63228,0.694875,1.61992,
845,-1.20097,0.231017,3.63228,0.694875,1.61992,
846,-1.20097,0.231017,3.63228,0.694875,1.6203,
847,-1.20097,0.231017,3.63228,0.694875,1.6203,
848,-1.20097,0.231017,3.63228,0.694875,1.6203,
849,-1.20097,0.231017,3.63228,0.69487,1.6203,
850,-1.20097,0.231017,3.63228,0.694875,1.62069,
851,-1.20097,0.231017,3.63228,0.694875,1.62069,
852,-1.20097,0.231017,3.63228,0.69487,1.62069,
853,-1.20097,0.231017,3.63228,0.694875,1.6203,
854,-1.20097,0.231017,3.63228,0.694875,1.6203,
855,-1.20135,0.231017,3.63228,0.694875,1.62069,
856,-1.20097,0.231017,3.63228,0.694875,1.62069,
857,-1.20097,0.231017,3.63228,0.69487,1.6203,
858,-1.20097,0.231017,3.63228,0.69487,1.62069,
859,-1.20097,0.231017,3.63228,0.69487,1.6203,
860,-1.20097,0.231017,3.63228,0.69487,1.6203,
861,-1.20097,0.231017,3.63228,0.69487,1.62069,
862,-1.20097,0.231017,3.63228,0.69487,1.6203,
863,-1.20097,0.231017,3.63228,0.69487,1.62069,
864,-1.20097,0.231017,3.63228,0.694875,1.6203,
865,-1.20097,0.231017,3.63228,0.694875,1.6203,
866,-1.20135,0.231017,3.63228,0.694875,1.62069,
867,-1.20097,0.231017,3.63228,0.694875,1.62069,
868,-1.20097,0.231017,3.63228,0.694875,1.62069,
869,-1.20097,0.231017,3.63228,0.694875,1.62069,
870,-1.20135,0.231017,3.63228,0.694875,1.62069,
871,-1.20097,0.231017,3.63228,0.694875,1.62069,
872,-1.20097,0.231017,3.63228,0.694875,1.6203,
873,-1.20097,0.231017,3.63228,0.69487,1.62069,
874,-1.20135,0.231017,3.63228,0.69487,1.6203,
875,-1.20097,0.231017,3.63228,0.69487,1.62069,
876,-1.20097,0.231017,3.63228,0.69487,1.62069,
877,-1.20135,0.231017,3.63228,0.69487,1.62069,
878,-1.20097,0.231017,3.63228,0.69487,1.62069,
879,-1.20135,0.231017,3.63228,0.69487,1.6203,
880,-1.20097,0.231017,3.63228,0.69487,1.62069,
881,-1.20097,0.231017,3.63228,0.694875,1.62069,
882,-1.20097,0.231017,3.63228,0.694875,1.62069,
883,-1.20097,0.231017,3.63228,0.694875,1.62069,
884,-1.20097,0.231017,3.63228,0.694875,1.62069,
885,-1.20097,0.231017,3.63228,0.694875,1.62069,
886,-1.20097,0.231017,3.63228,0.694875,1.62069,
887,-1.20135,0.231017,3.63228,0.694875,1.62069,
888,-1.20097,0.231017,3.63228,0.694875,1.62069,
889,-1.20097,0.231017,3.63228,0.694875,1.62069,
890,-1.20097,0.231017,3.63228,0.694875,1.62069,
891,-1.20097,0.231017,3.63228,0.694875,1.62069,
892,-1.20097,0.231017,3.63228,0.694875,1.62069,
893,-1.20097,0.231017,3.63228,0.69487,1.62069,
894,-1.20097,0.231017,3.63228,0.69487,1.62069,
895,-1.20097,0.231017,3.63228,0.69487,1.62069,
896,-1.20097,0.231017,3.63228,0.69487,1.62069,
897,-1.20097,0.231017,3.63228,0.69487,1.62069,
898,-1.20097,0.231017,3.63228,0.694875,1.62069,
899,-1.20135,0.231017,3.63228,0.694875,1.62069,
900,-1.20097,0.231017,3.63228,0.694875,1.62069,
901,-1.20097,0.231017,3.63228,0.694875,1.62069,
902,-1.20097,0.231017,3.63228,0.694875,1.62069,
903,-1.20097,0.231017,3.63228,0.694875,1.62107,
904,-1.20135,0.231017,3.63228,0.694875,1.62069,
905,-1.20135,0.231017,3.63228,0.69487,1.62107,
906,-1.20097,0.231017,3.63228,0.69487,1.62069,
907,-1.20097,0.231017,3.63228,0.69487,1.62069,
908,-1.20097,0.231017,3.63228,0.69487,1.62107,
909,-1.20097,0.231017,3.63228,0.694875,1.62107,
910,-1.20097,0.231017,3.63228,0.694875,1.62069,
911,-1.20135,0.231017,3.63228,0.694875,1.62107,
912,-1.20173,0.231017,3.63228,0.694875,1.62107,
913,-1.20135,0.231017,3.63228,0.69487,1.62069,
914,-1.20135,0.231017,3.63228,0.69487,1.62069,
915,-1.20135,0.231017,3.63228,0.694875,1.62107,
916,-1.20097,0.231017,3.63228,0.694875,1.62107,
917,-1.20135,0.231017,3.63228,0.69487,1.62107,
918,-1.20135,0.231017,3.63228,0.69487,1.62107,
919,-1.20097,0.231017,3.63228,0.69487,1.62069,
920,-1.20097,0.231017,3.63228,0.69487,1.62069,
921,-1.20135,0.231017,3.63228,0.69487,1.62069,
922,-1.20097,0.231017,3.63228,0.69487,1.62107,
923,-1.20097,0.231017,3.63228,0.694875,1.62107,
924,-1.20135,0.231017,3.63228,0.694875,1.62107,
925,-1.20097,0.231017,3.63228,0.694875,1.62107,
926,-1.20135,0.231017,3.63228,0.694875,1.62107,
927,-1.20135,0.231017,3.63228,0.694875,1.62107,
928,-1.20097,0.231017,3.63228,0.694875,1.62107,
929,-1.20097,0.231017,3.63228,0.694875,1.62107,
930,-1.20097,0.231017,3.63228,0.694875,1.62107,
931,-1.20097,0.231017,3.63228,0.694875,1.62107,
932,-1.20097,0.231017,3.63228,0.694875,1.62107,
933,-1.20097,0.231017,3.63228,0.69487,1.62069,
934,-1.20097,0.231017,3.63228,0.69487,1.62069,
935,-1.20097,0.231017,3.63228,0.69487,1.62069,
936,-1.20135,0.231017,3.63228,0.69487,1.62107,
937,-1.20097,0.231017,3.63228,0.694875,1.62069,
938,-1.20097,0.231017,3.63228,0.694875,1.62107,
939,-1.20097,0.231017,3.63228,0.694875,1.62069,
940,-1.20097,0.231017,3.63228,0.694875,1.62107,
941,-1.20097,0.231017,3.63228,0.694875,1.62107,
942,-1.20097,0.231017,3.63228,0.69487,1.62107,
943,-1.20097,0.231017,3.63228,0.69487,1.62069,
944,-1.20097,0.231017,3.63228,0.69487,1.62107,
945,-1.20097,0.231017,3.63228,0.694875,1.62107,
946,-1.20097,0.231017,3.63228,0.694875,1.62069,
947,-1.20135,0.231017,3.63228,0.694875,1.62069,
948,-1.20097,0.231017,3.63228,0.69487,1.62107,
949,-1.20097,0.231017,3.63228,0.69487,1.62107,
950,-1.20097,0.231017,3.63228,0.69487,1.62107,
951,-1.20097,0.231017,3.63228,0.694875,1.62107,
952,-1.20097,0.231017,3.63228,0.694875,1.62107,
953,-1.20097,0.231017,3.63228,0.694875,1.62107,
954,-1.20097,0.231017,3.63228,0.694875,1.62107,
955,-1.20097,0.231017,3.63228,0.69487,1.62107,
956,-1.20097,0.231017,3.63228,0.69487,1.62107,
957,-1.20097,0.231017,3.63228,0.69487,1.62107,
958,-1.20097,0.231017,3.63228,0.694875,1.62145,
959,-1.20097,0.231017,3.63228,0.694875,1.62107,
960,-1.20097,0.231017,3.63228,0.694875,1.62107,
961,-1.20097,0.231017,3.63228,0.694875,1.62107,
962,-1.20097,0.231017,3.63228,0.694875,1.62069,
963,-1.20097,0.231017,3.63228,0.694875,1.62107,
964,-1.20097,0.231017,3.63228,0.694875,1.62107,
965,-1.20097,0.231017,3.63228,0.69487,1.62107,
966,-1.20097,0.231017,3.63228,0.69487,1.62107,
967,-1.20097,0.231017,3.63228,0.69487,1.62107,
968,-1.20097,0.231017,3.63228,0.694875,1.62107,
969,-1.20097,0.231017,3.63228,0.69487,1.62107,
970,-1.20097,0.231017,3.63228,0.69487,1.62107,
971,-1.20097,0.231017,3.63228,0.69487,1.62107,
972,-1.20097,0.231017,3.63228,0.69487,1.62107,
973,-1.20097,0.231017,3.63228,0.69487,1.62107,
974,-1.20097,0.231017,3.63228,0.694875,1.62107,
975,-1.20097,0.231017,3.63228,0.694875,1.62107,
976,-1.20097,0.231017,3.63228,0.694875,1.62107,
977,-1.20097,0.231017,3.63228,0.694875,1.62107,
978,-1.20097,0.231017,3.63228,0.694875,1.62107,
979,-1.20097,0.231017,3.63228,0.694875,1.62107,
980,-1.20097,0.231017,3.63228,0.694875,1.62107,
981,-1.20097,0.231017,3.63228,0.694875,1.62145,
982,-1.20097,0.231017,3.63228,0.69487,1.62145,
983,-1.20135,0.231017,3.63228,0.694875,1.62107,
984,-1.20097,0.231017,3.63228,0.69487,1.62107,
985,-1.20097,0.231017,3.63228,0.69487,1.62107,
986,-1.20097,0.231017,3.63228,0.69487,1.62107,
987,-1.20097,0.231017,3.63228,0.694875,1.62107,
988,-1.20097,0.231017,3.63228,0.694875,1.62107,
989,-1.20097,0.231017,3.63228,0.694875,1.62107,
990,-1.20097,0.231017,3.63228,0.694875,1.62107,
991,-1.20097,0.231017,3.63228,0.69487,1.62145,
992,-1.20135,0.231017,3.63228,0.69487,1.62107,
993,-1.20097,0.231017,3.63228,0.69487,1.62107,
994,-1.20135,0.231017,3.63228,0.69487,1.62145,
995,-1.20135,0.231017,3.63228,0.69487,1.62107,
996,-1.20097,0.231017,3.63228,0.69487,1.62107,
997,-1.20097,0.231017,3.63228,0.69487,1.62107,
998,-1.20097,0.231017,3.63228,0.694875,1.62107,
999,-1.20135,0.231017,3.63228,0.694875,1.62107,
1000,-1.20097,0.231017,3.63228,0.69487,1.62107,
1001,-1.20097,0.231017,3.63228,0.69487,1.62145,
1002,-1.20097,0.231017,3.63228,0.694875,1.62145,
1003,-1.20135,0.231017,3.63228,0.694875,1.62107,
1004,-1.20097,0.231017,3.63228,0.694875,1.62107,
1005,-1.20097,0.231017,3.63228,0.694875,1.62145,
1006,-1.20097,0.231017,3.63228,0.694875,1.62107,
1007,-1.20097,0.231017,3.63228,0.694875,1.62107,
1008,-1.20097,0.231017,3.63228,0.69487,1.62107,
1009,-1.20097,0.231017,3.63228,0.694875,1.62107,
1010,-1.20097,0.231017,3.63228,0.694875,1.62107,
1011,-1.20097,0.231017,3.63228,0.69487,1.62107,
1012,-1.20097,0.231017,3.63228,0.69487,1.62145,
1013,-1.20097,0.231017,3.63228,0.69487,1.62107,
1014,-1.20097,0.231017,3.63228,0.694875,1.62145,
1015,-1.20135,0.231017,3.63228,0.694875,1.62145,
1016,-1.20135,0.231017,3.63228,0.694875,1.62145,
1017,-1.20135,0.231017,3.63228,0.694875,1.62145,
1018,-1.20097,0.231017,3.63228,0.694875,1.62145,
1019,-1.20135,0.231017,3.63228,0.69487,1.62145,
1020,-1.20097,0.231017,3.63228,0.69487,1.62107,
1021,-1.20097,0.231017,3.63228,0.69487,1.62145,
1022,-1.20097,0.231017,3.63228,0.694875,1.62145,
1023,-1.20097,0.231017,3.63228,0.69487,1.62145,
1024,-1.20097,0.231017,3.63228,0.694875,1.62145,
1025,-1.20097,0.231017,3.63228,0.69487,1.62107,
1026,-1.20097,0.231017,3.63228,0.694875,1.62145,
1027,-1.20097,0.231017,3.63228,0.694875,1.62107,
1028,-1.20097,0.231017,3.63228,0.69487,1.62107,
1029,-1.20097,0.231017,3.63228,0.694875,1.62107,
1030,-1.20097,0.231017,3.63228,0.694875,1.62145,
1031,-1.20097,0.231017,3.63228,0.694875,1.62107,
1032,-1.20097,0.231017,3.63228,0.694875,1.62145,
1033,-1.20097,0.231017,3.63228,0.694875,1.62107,
1034,-1.20097,0.231017,3.63228,0.694875,1.62107,
1035,-1.20097,0.231017,3.63228,0.694875,1.62145,
1036,-1.20097,0.231017,3.63228,0.694875,1.62145,
1037,-1.20097,0.231017,3.63228,0.694875,1.62107,
1038,-1.20097,0.231017,3.63228,0.694875,1.62107,
1039,-1.20135,0.231017,3.63228,0.694875,1.62107,
1040,-1.20097,0.231017,3.63228,0.694875,1.62107,
1041,-1.20097,0.231017,3.63228,0.694875,1.62107,
1042,-1.20097,0.231017,3.63228,0.694875,1.62107,
1043,-1.20097,0.231017,3.63228,0.694875,1.62107,
1044,-1.20135,0.231017,3.63228,0.694875,1.62069,
1045,-1.20097,0.231017,3.63228,0.694875,1.62069,
1046,-1.20097,0.231017,3.63228,0.69487,1.62107,
1047,-1.20097,0.231017,3.63228,0.69487,1.62107,
1048,-1.20135,0.231017,3.63228,0.69487,1.62107,
1049,-1.20097,0.231017,3.63228,0.69487,1.62107,
1050,-1.20097,0.231017,3.63228,0.69487,1.62107,
1051,-1.20135,0.231017,3.63228,0.69487,1.62107,
1052,-1.20097,0.231017,3.63228,0.69487,1.62107,
1053,-1.20097,0.231017,3.63228,0.694875,1.62107,
1054,-1.20097,0.231017,3.63228,0.69487,1.62107,
1055,-1.20097,0.231017,3.63228,0.694875,1.62107,
1056,-1.20097,0.231017,3.63228,0.69487,1.62107,
1057,-1.20097,0.231017,3.63228,0.69487,1.62107,
1058,-1.20097,0.231017,3.63228,0.69487,1.62107,
1059,-1.20097,0.231017,3.63228,0.694875,1.62107,
1060,-1.20097,0.231017,3.63228,0.694875,1.62107,
1061,-1.20097,0.231017,3.63228,0.694875,1.62107,
1062,-1.20097,0.231017,3.63228,0.694875,1.62069,
1063,-1.20135,0.231017,3.63228,0.694875,1.62069,
1064,-1.20097,0.231017,3.63228,0.694875,1.6203,
1065,-1.20097,0.231017,3.63228,0.69487,1.62069,
1066,-1.20135,0.231017,3.63228,0.69487,1.62107,
1067,-1.20135,0.231017,3.63228,0.694875,1.62069,
1068,-1.20097,0.231017,3.63228,0.69487,1.62069,
1069,-1.20135,0.231017,3.63228,0.69487,1.62069,
1070,-1.20135,0.231017,3.63228,0.694875,1.62069,
1071,-1.20135,0.231017,3.63228,0.694875,1.6203,
1072,-1.20135,0.231017,3.63228,0.694875,1.6203,
1073,-1.20135,0.231017,3.63228,0.694875,1.62069,
1074,-1.20097,0.231017,3.63228,0.69487,1.6203,
1075,-1.20135,0.231017,3.63228,0.694875,1.62069,
1076,-1.20097,0.231017,3.63228,0.694875,1.62069,
1077,-1.20097,0.231017,3.63228,0.694875,1.6203,
1078,-1.20097,0.231017,3.63228,0.694875,1.6203,
1079,-1.20135,0.231017,3.63228,0.694875,1.6203,
1080,-1.20097,0.231017,3.63228,0.694875,1.6203,
1081,-1.20135,0.231017,3.63228,0.69487,1.6203,
1082,-1.20097,0.231017,3.63228,0.69487,1.6203,
1083,-1.20097,0.231017,3.63228,0.694875,1.6203,
1084,-1.20135,0.231017,3.63228,0.694875,1.6203,
1085,-1.20135,0.231017,3.63228,0.694875,1.62069,
1086,-1.20135,0.231017,3.63228,0.694875,1.6203,
1087,-1.20135,0.231017,3.63228,0.694875,1.6203,
1088,-1.20097,0.231017,3.63228,0.694875,1.6203,
1089,-1.20135,0.231017,3.63228,0.694875,1.6203,
1090,-1.20097,0.231017,3.63228,0.69487,1.62069,
1091,-1.20097,0.231017,3.63228,0.69487,1.6203,
1092,-1.20135,0.231017,3.63228,0.69487,1.6203,
1093,-1.20097,0.231017,3.63228,0.69487,1.6203,
1094,-1.20097,0.231017,3.63228,0.69487,1.6203,
1095,-1.20097,0.231017,3.63228,0.694875,1.6203,
1096,-1.20097,0.231017,3.63228,0.694875,1.6203,
1097,-1.20135,0.231017,3.63228,0.694875,1.6203,
1098,-1.20135,0.231017,3.63228,0.694875,1.6203,
1099,-1.20097,0.231017,3.63228,0.694875,1.6203,
1100,-1.20097,0.231017,3.63228,0.694875,1.6203,
1101,-1.20097,0.231017,3.63228,0.69487,1.6203,
1102,-1.20097,0.231017,3.63228,0.694875,1.62069,
1103,-1.20097,0.231017,3.63228,0.694875,1.6203,
1104,-1.20097,0.231017,3.63228,0.694875,1.62069,
1105,-1.20097,0.231017,3.63228,0.694875,1.6203,
1106,-1.20097,0.231017,3.63228,0.694875,1.62069,
1107,-1.20097,0.231017,3.63228,0.694875,1.6203,
1108,-1.20097,0.231017,3.63228,0.69487,1.6203,
1109,-1.20097,0.231017,3.63228,0.69487,1.6203,
1110,-1.20097,0.231017,3.63228,0.69487,1.6203,
1111,-1.20097,0.231017,3.63228,0.69487,1.6203,
1112,-1.20097,0.231017,3.63228,0.69487,1.6203,
1113,-1.20097,0.231017,3.63228,0.694875,1.6203,
1114,-1.20097,0.231017,3.63228,0.694875,1.6203,
1115,-1.20097,0.231017,3.63228,0.694875,1.6203,
1116,-1.20097,0.231017,3.63228,0.694875,1.62069,
1117,-1.20097,0.231017,3.63228,0.694875,1.6203,
1118,-1.20097,0.231017,3.63228,0.694875,1.6203,
1119,-1.20097,0.231017,3.63228,0.69487,1.6203,
1120,-1.20097,0.231017,3.63228,0.69487,1.6203,
1121,-1.20097,0.231017,3.63228,0.69487,1.6203,
1122,-1.20097,0.231017,3.63228,0.69487,1.6203,
1123,-1.20097,0.231017,3.63228,0.69487,1.6203,
1124,-1.20097,0.231017,3.63228,0.69487,1.62069,
1125,-1.20097,0.231017,3.63228,0.69487,1.62069,
1126,-1.20097,0.231017,3.63228,0.69487,1.6203,
1127,-1.20097,0.231017,3.63225,0.69487,1.62069,
1128,-1.20097,0.231017,3.63194,0.694811,1.6203,
1129,-1.20097,0.231029,3.63113,0.694569,1.6203,
1130,-1.20097,0.231055,3.62993,0.694016,1.6203,
1131,-1.20097,0.231115,3.62806,0.693157,1.61916,
1132,-1.20097,0.231155,3.62687,0.692695,1.61877,
1133,-1.20097,0.231392,3.62095,0.690199,1.61647,
1134,-1.20058,0.231641,3.61496,0.68782,1.61455,
1135,-1.20058,0.231867,3.61021,0.685662,1.61455,
1136,-1.20058,0.232004,3.60765,0.684454,1.61455,
1137,-1.19981,0.232421,3.59917,0.681115,1.61685,
1138,-1.19981,0.232585,3.59626,0.679853,1.618,
1139,-1.19943,0.233178,3.58657,0.676073,1.62107,
1140,-1.19905,0.233384,3.58336,0.674548,1.62107,
1141,-1.19828,0.234071,3.57286,0.670447,1.618,
1142,-1.19751,0.234533,3.56597,0.667445,1.61724,
1143,-1.19713,0.235038,3.55851,0.66439,1.61608,
1144,-1.19636,0.235574,3.55126,0.661142,1.61608,
1145,-1.19521,0.23612,3.54365,0.657996,1.61724,
1146,-1.19483,0.236405,3.53988,0.656423,1.618,
1147,-1.19406,0.237255,3.52849,0.651886,1.62184,
1148,-1.19368,0.237845,3.52049,0.648815,1.62069,
1149,-1.19253,0.238466,3.51228,0.645218,1.61724,
1150,-1.19253,0.238774,3.50815,0.643543,1.61532,
1151,-1.19099,0.239767,3.49428,0.637658,1.61494,
1152,-1.19023,0.240463,3.48407,0.63332,1.61724,
1153,-1.19023,0.240837,3.47856,0.631264,1.61877,
1154,-1.18869,0.24202,3.46083,0.623984,1.62145,
1155,-1.18754,0.242871,3.44803,0.618556,1.61839,
1156,-1.18678,0.243321,3.44155,0.615801,1.61647,
1157,-1.18524,0.244695,3.42192,0.6077,1.61608,
1158,-1.18409,0.245669,3.40832,0.602331,1.61954,
1159,-1.18256,0.246669,3.39522,0.596726,1.62222,
1160,-1.18217,0.247186,3.38823,0.593719,1.62184,
1161,-1.17987,0.248753,3.36717,0.585048,1.61916,
1162,-1.17872,0.249857,3.35257,0.579153,1.61839,
1163,-1.17719,0.250978,3.33725,0.572689,1.61877,
1164,-1.17604,0.252153,3.32148,0.566069,1.61916,
1165,-1.17374,0.253356,3.30571,0.559836,1.62107,
1166,-1.17297,0.253973,3.29748,0.556367,1.62184,
1167,-1.17067,0.255844,3.27294,0.545844,1.62069,
1168,-1.16914,0.257133,3.25632,0.539074,1.6203,
1169,-1.1676,0.258468,3.23916,0.532078,1.62184,
1170,-1.16607,0.259816,3.22165,0.524406,1.62145,
1171,-1.16415,0.261205,3.20382,0.51697,1.62107,
1172,-1.16185,0.262625,3.18549,0.509658,1.62337,
1173,-1.16032,0.264072,3.16711,0.501556,1.62299,
1174,-1.15878,0.265542,3.14831,0.493894,1.62299,
1175,-1.15648,0.267057,3.12912,0.485632,1.62299,
1176,-1.15456,0.268599,3.10954,0.477111,1.62222,
1177,-1.15264,0.270207,3.08948,0.468542,1.62414,
1178,-1.15034,0.271826,3.06938,0.459791,1.62529,
1179,-1.14804,0.27347,3.04918,0.451367,1.62491,
1180,-1.14574,0.275102,3.02919,0.443706,1.62529,
1181,-1.14383,0.276746,3.00934,0.435529,1.62605,
1182,-1.14152,0.278355,2.98967,0.427867,1.62605,
1183,-1.14037,0.279153,2.98022,0.424254,1.62605,
1184,-1.13692,0.281545,2.95226,0.412818,1.62644,
1185,-1.135,0.283114,2.93421,0.405683,1.62759,
1186,-1.1327,0.284658,2.91694,0.398574,1.62874,
1187,-1.1304,0.286169,2.89982,0.391401,1.62836,
1188,-1.12849,0.287658,2.88341,0.384926,1.62798,
1189,-1.12618,0.289131,2.86708,0.378382,1.62836,
1190,-1.12427,0.290575,2.85136,0.371612,1.62913,
1191,-1.12197,0.291998,2.83561,0.365115,1.62989,
1192,-1.12005,0.293376,2.82063,0.359107,1.62989,
1193,-1.11813,0.294746,2.80604,0.353057,1.63066,
1194,-1.1166,0.296054,2.79224,0.347076,1.63142,
1195,-1.1143,0.297364,2.77855,0.341583,1.63104,
1196,-1.11238,0.298612,2.76526,0.336198,1.63066,
1197,-1.11046,0.299856,2.75195,0.33048,1.63181,
1198,-1.10854,0.301069,2.73863,0.324972,1.63296,
1199,-1.10701,0.302257,2.72561,0.31978,1.63296,
1200,-1.10509,0.303427,2.7131,0.314636,1.63219,
1201,-1.10356,0.304558,2.70154,0.309702,1.63296,
1202,-1.10202,0.305647,2.69069,0.305107,1.63449,
1203,-1.10049,0.306694,2.68059,0.301107,1.63449,
1204,-1.09896,0.307689,2.67158,0.297504,1.63373,
1205,-1.09704,0.308625,2.66315,0.293955,1.63449,
1206,-1.09589,0.309515,2.65506,0.290653,1.63603,
1207,-1.0955,0.309942,2.65118,0.288968,1.63641,
1208,-1.0932,0.311173,2.63969,0.28412,1.63449,
1209,-1.09205,0.311944,2.63241,0.281145,1.63335,
1210,-1.09052,0.312693,2.62542,0.278262,1.63373,
1211,-1.08975,0.313054,2.62173,0.276775,1.63488,
1212,-1.08822,0.314084,2.61158,0.272614,1.6391,
1213,-1.08745,0.31476,2.60499,0.269919,1.63871,
1214,-1.08592,0.315396,2.59844,0.267057,1.63564,
1215,-1.08515,0.316015,2.59229,0.264523,1.63411,
1216,-1.08438,0.316323,2.58931,0.263283,1.63373,
1217,-1.08323,0.317196,2.5807,0.259723,1.63679,
1218,-1.08247,0.317747,2.57527,0.257549,1.63948,
1219,-1.0817,0.318283,2.57032,0.255503,1.64101,
1220,-1.08055,0.318774,2.56579,0.253807,1.64024,
1221,-1.08017,0.319014,2.56359,0.252819,1.63948,
1222,-1.0794,0.319694,2.55779,0.250306,1.63718,
1223,-1.07863,0.32011,2.55451,0.249066,1.63718,
1224,-1.07786,0.32047,2.55182,0.24789,1.63795,
1225,-1.07748,0.32082,2.54963,0.246913,1.63833,
1226,-1.0771,0.320976,2.54866,0.24658,1.63871,
1227,-1.07633,0.321403,2.54671,0.245635,1.63871,
1228,-1.07556,0.321626,2.54594,0.245426,1.63871,
1229,-1.07479,0.321819,2.54565,0.245286,1.6391,
1230,-1.07479,0.321974,2.54562,0.245281,1.63948,
1231,-1.07441,0.322098,2.5456,0.245281,1.63948,
1232,-1.07441,0.3222,2.54558,0.245281,1.63948,
1233,-1.07403,0.322298,2.54558,0.245281,1.63948,
1234,-1.07365,0.322364,2.54557,0.245281,1.63986,
1235,-1.07365,0.322415,2.54557,0.245281,1.63986,
1236,-1.07326,0.322426,2.54557,0.245281,1.63986,
1237,-1.07326,0.322486,2.54557,0.245281,1.63986,
1238,-1.07326,0.322528,2.54556,0.245281,1.63986,
1239,-1.07288,0.32257,2.54556,0.245281,1.63986,
1240,-1.07288,0.322592,2.54556,0.245281,1.63986,
1241,-1.07288,0.322611,2.54556,0.245281,1.63986,
1242,-1.07288,0.322626,2.54556,0.245281,1.63986,
1243,-1.07249,0.322638,2.54556,0.245281,1.64024,
1244,-1.07249,0.322649,2.54557,0.245281,1.64024,
1245,-1.07249,0.322656,2.54557,0.245281,1.64024,
1246,-1.07249,0.322662,2.54557,0.245281,1.64024,
1247,-1.07249,0.322667,2.54557,0.245286,1.64024,
1248,-1.07211,0.322672,2.54557,0.245286,1.64024,
1249,-1.07211,0.322676,2.54557,0.245286,1.64024,
1250,-1.07211,0.322679,2.54557,0.245291,1.64063,
1251,-1.07211,0.322681,2.54558,0.245291,1.64024,
1252,-1.07249,0.322684,2.54558,0.245297,1.64024,
1253,-1.07249,0.322685,2.54559,0.245297,1.64063,
1254,-1.07211,0.322687,2.54559,0.245297,1.64024,
1255,-1.07211,0.322689,2.54559,0.245297,1.64063,
1256,-1.07211,0.32269,2.54559,0.245297,1.64024,
1257,-1.07249,0.322691,2.54559,0.245302,1.64063,
1258,-1.07211,0.322691,2.54559,0.245302,1.64024,
1259,-1.07249,0.322692,2.54559,0.245302,1.64063,
1260,-1.07211,0.322693,2.54559,0.245302,1.64063,
1261,-1.07211,0.322693,2.54559,0.245302,1.64063,
1262,-1.07211,0.322694,2.54559,0.245302,1.64063,
1263,-1.07249,0.322694,2.54559,0.245302,1.64063,
1264,-1.07211,0.322695,2.54559,0.245302,1.64063,
1265,-1.07211,0.322695,2.54559,0.245302,1.64063,
1266,-1.07249,0.322695,2.54559,0.245302,1.64063,
1267,-1.07211,0.322696,2.54559,0.245302,1.64063,
1268,-1.07211,0.322696,2.54559,0.245302,1.64063,
1269,-1.07211,0.322696,2.54559,0.245302,1.64063,
1270,-1.07211,0.322696,2.54559,0.245302,1.64063,
1271,-1.07211,0.322697,2.54559,0.245302,1.64063,
1272,-1.07211,0.322697,2.54559,0.245302,1.64063,
1273,-1.07211,0.322697,2.54559,0.245302,1.64063,
1274,-1.07211,0.322697,2.54559,0.245302,1.64063,
1275,-1.07211,0.322697,2.54559,0.245302,1.64063,
1276,-1.07211,0.322697,2.54559,0.245302,1.64063,
1277,-1.07211,0.322697,2.54559,0.245302,1.64063,
1278,-1.07173,0.322697,2.54559,0.245302,1.64063,
1279,-1.07211,0.322697,2.54559,0.245302,1.64063,
1280,-1.07211,0.322697,2.54559,0.245302,1.64063,
1281,-1.07211,0.322697,2.54559,0.245302,1.64063,
1282,-1.07173,0.322697,2.54559,0.245302,1.64063,
1283,-1.07211,0.322697,2.54559,0.245302,1.64063,
1284,-1.07211,0.322697,2.54559,0.245302,1.64101,
1285,-1.07211,0.322697,2.54559,0.245302,1.64101,
1286,-1.07211,0.322697,2.54559,0.245302,1.64101,
1287,-1.07211,0.322697,2.54559,0.245302,1.64101,
1288,-1.07173,0.322697,2.54559,0.245302,1.64101,
1289,-1.07211,0.322697,2.54559,0.245302,1.64101,
1290,-1.07211,0.322697,2.54559,0.245302,1.64101,
1291,-1.07211,0.322697,2.54559,0.245302,1.64101,
1292,-1.07211,0.322697,2.54559,0.245302,1.64063,
1293,-1.07211,0.322697,2.54559,0.245302,1.64063,
1294,-1.07211,0.322697,2.54559,0.245302,1.64063,
1295,-1.07211,0.322697,2.54559,0.245302,1.64063,
1296,-1.07211,0.322697,2.54559,0.245302,1.64063,
1297,-1.07211,0.322697,2.54559,0.245302,1.64101,
1298,-1.07173,0.322697,2.54559,0.245302,1.64101,
1299,-1.07211,0.322697,2.54559,0.245302,1.64101,
1300,-1.07211,0.322697,2.54559,0.245302,1.64101,
1301,-1.07211,0.322697,2.54559,0.245302,1.64101,
1302,-1.07211,0.322697,2.54559,0.245302,1.64101,
1303,-1.07211,0.322697,2.54559,0.245302,1.64101,
1304,-1.07173,0.322697,2.54559,0.245297,1.64101,
1305,-1.07211,0.322697,2.54559,0.245297,1.64101,
1306,-1.07173,0.322697,2.54559,0.245297,1.64063,
1307,-1.07211,0.322697,2.54559,0.245297,1.64101,
1308,-1.07211,0.322697,2.54559,0.245297,1.64101,
1309,-1.07211,0.322697,2.54559,0.245297,1.64101,
1310,-1.07211,0.322697,2.54559,0.245297,1.64101,
1311,-1.07211,0.322697,2.54559,0.245297,1.64101,
1312,-1.07211,0.322697,2.54559,0.245297,1.64101,
1313,-1.07211,0.322697,2.54559,0.245297,1.64101,
1314,-1.07211,0.322697,2.54559,0.245297,1.64101,
1315,-1.07211,0.322697,2.54559,0.245297,1.64063,
1316,-1.07211,0.322697,2.54559,0.245297,1.64063,
1317,-1.07211,0.322697,2.54559,0.245297,1.64101,
1318,-1.07211,0.322697,2.54559,0.245297,1.64101,
1319,-1.07211,0.322697,2.54559,0.245297,1.64101,
1320,-1.07211,0.322697,2.54559,0.245297,1.6414,
1321,-1.07211,0.322697,2.54559,0.245297,1.64101,
1322,-1.07211,0.322697,2.54559,0.245297,1.64101,
1323,-1.07211,0.322697,2.54559,0.245297,1.64101,
1324,-1.07211,0.322697,2.54559,0.245297,1.64101,
1325,-1.07211,0.322697,2.54559,0.245297,1.64101,
1326,-1.07249,0.322697,2.54559,0.245297,1.64063,
1327,-1.07249,0.322697,2.54559,0.245297,1.64101,
1328,-1.07211,0.322697,2.54559,0.245297,1.64101,
1329,-1.07211,0.322697,2.54559,0.245297,1.6414,
1330,-1.07211,0.322697,2.54559,0.245297,1.64101,
1331,-1.07211,0.322697,2.54559,0.245297,1.64101,
1332,-1.07211,0.322697,2.54559,0.245297,1.64063,
1333,-1.07211,0.322697,2.54559,0.245297,1.64101,
1334,-1.07211,0.322697,2.54559,0.245297,1.64063,
1335,-1.07211,0.322697,2.54559,0.245297,1.64063,
1336,-1.07211,0.322697,2.54559,0.245297,1.64101,
1337,-1.07211,0.322697,2.54559,0.245297,1.64101,
1338,-1.07211,0.322697,2.54559,0.245297,1.64063,
1339,-1.07173,0.322697,2.54559,0.245297,1.64063,
1340,-1.07211,0.322697,2.54559,0.245297,1.64063,
1341,-1.07211,0.322697,2.54559,0.245297,1.64063,
1342,-1.07173,0.322697,2.54559,0.245297,1.64024,
1343,-1.07211,0.322697,2.54559,0.245297,1.64063,
1344,-1.07211,0.322697,2.54559,0.245297,1.64024,
1345,-1.07211,0.322697,2.54559,0.245297,1.64063,
1346,-1.07211,0.322697,2.54559,0.245297,1.64024,
1347,-1.07211,0.322697,2.54559,0.245297,1.64024,
1348,-1.07211,0.322697,2.54559,0.245297,1.64024,
1349,-1.07211,0.322697,2.54559,0.245297,1.64024,
1350,-1.07211,0.322697,2.54559,0.245297,1.64024,
1351,-1.07211,0.322697,2.54559,0.245297,1.64024,
1352,-1.07211,0.322697,2.54559,0.245297,1.64024,
1353,-1.07211,0.322697,2.54559,0.245297,1.64024,
1354,-1.07211,0.322697,2.54559,0.245297,1.64024,
1355,-1.07211,0.322697,2.54559,0.245297,1.64024,
1356,-1.07211,0.322697,2.54559,0.245297,1.64024,
1357,-1.07211,0.322697,2.54559,0.245297,1.64024,
1358,-1.07173,0.322697,2.54559,0.245297,1.64024,
1359,-1.07211,0.322697,2.54559,0.245297,1.64024,
1360,-1.07211,0.322697,2.54559,0.245297,1.64024,
1361,-1.07211,0.322697,2.54559,0.245297,1.64024,
1362,-1.07173,0.322697,2.54559,0.245297,1.64024,
1363,-1.07173,0.322697,2.54559,0.245297,1.64024,
1364,-1.07173,0.322697,2.54559,0.245297,1.63986,
1365,-1.07173,0.322697,2.54559,0.245297,1.64024,
1366,-1.07173,0.322697,2.54559,0.245297,1.64024,
1367,-1.07211,0.322697,2.54559,0.245297,1.64024,
1368,-1.07211,0.322697,2.54559,0.245297,1.64024,
1369,-1.07211,0.322697,2.54559,0.245297,1.64024,
1370,-1.07211,0.322697,2.54559,0.245297,1.64024,
1371,-1.07211,0.322697,2.54559,0.245297,1.64024,
1372,-1.07211,0.322697,2.54559,0.245297,1.63986,
1373,-1.07173,0.322697,2.54559,0.245297,1.64024,
1374,-1.07211,0.322697,2.54559,0.245297,1.64024,
1375,-1.07211,0.322697,2.54559,0.245297,1.64024,
1376,-1.07211,0.322697,2.54559,0.245297,1.64024,
1377,-1.07211,0.322697,2.54559,0.245297,1.63986,
1378,-1.07211,0.322697,2.54559,0.245297,1.64024,
1379,-1.07173,0.322697,2.54559,0.245297,1.64024,
1380,-1.07211,0.322697,2.54559,0.245297,1.64024,
1381,-1.07211,0.322697,2.54559,0.245297,1.63986,
1382,-1.07211,0.322697,2.54559,0.245297,1.64024,
1383,-1.07211,0.322697,2.54559,0.245297,1.64024,
1384,-1.07211,0.322697,2.54559,0.245297,1.64024,
1385,-1.07173,0.322697,2.54559,0.245297,1.64024,
1386,-1.07211,0.322697,2.54559,0.245297,1.64024,
1387,-1.07211,0.322697,2.54559,0.245297,1.64024,
1388,-1.07211,0.322697,2.54559,0.245297,1.64024,
1389,-1.07211,0.322697,2.54559,0.245297,1.64024,
1390,-1.07211,0.322697,2.54559,0.245297,1.64024,
1391,-1.07211,0.322697,2.54559,0.245297,1.64024,
1392,-1.07211,0.322697,2.54559,0.245297,1.64024,
1393,-1.07211,0.322697,2.54559,0.245297,1.64024,
1394,-1.07211,0.322697,2.54559,0.245297,1.64024,
1395,-1.07211,0.322697,2.54559,0.245297,1.64024,
1396,-1.07211,0.322697,2.54559,0.245297,1.64024,
1397,-1.07211,0.322697,2.54559,0.245297,1.64024,
1398,-1.07211,0.322697,2.54559,0.245297,1.64063,
1399,-1.07211,0.322696,2.54559,0.245297,1.64024,
1400,-1.07211,0.322696,2.54559,0.245297,1.64024,
1401,-1.07211,0.322696,2.54559,0.245297,1.64024,
1402,-1.07211,0.322696,2.54559,0.245297,1.63986,
1403,-1.07211,0.322696,2.54559,0.245297,1.64024,
1404,-1.07211,0.322696,2.54559,0.245297,1.64024,
1405,-1.07211,0.322696,2.54559,0.245297,1.64024,
1406,-1.07211,0.322696,2.54559,0.245297,1.64024,
1407,-1.07211,0.322696,2.54559,0.245297,1.64024,
1408,-1.07211,0.322696,2.54559,0.245302,1.64024,
1409,-1.07211,0.322696,2.54559,0.245302,1.64024,
1410,-1.07211,0.322696,2.54559,0.245302,1.64024,
1411,-1.07211,0.322696,2.54559,0.245302,1.64024,
1412,-1.07211,0.322696,2.54559,0.245302,1.64024,
1413,-1.07211,0.322696,2.54559,0.245302,1.64024,
1414,-1.07211,0.322696,2.54559,0.245302,1.64024,
1415,-1.07211,0.322696,2.54559,0.245302,1.64024,
1416,-1.07211,0.322696,2.54559,0.245302,1.64024,
1417,-1.07211,0.322696,2.54559,0.245302,1.64024,
1418,-1.07211,0.322696,2.54559,0.245302,1.64024,
1419,-1.07211,0.322696,2.54559,0.245302,1.64024,
1420,-1.07211,0.322696,2.54559,0.245302,1.64024,
1421,-1.07211,0.322696,2.54559,0.245302,1.64024,
1422,-1.07211,0.322696,2.54559,0.245302,1.64024,
1423,-1.07211,0.322696,2.54559,0.245302,1.64024,
1424,-1.07211,0.322696,2.54559,0.245302,1.64024,
1425,-1.07211,0.322696,2.54559,0.245302,1.64024,
1426,-1.07211,0.322697,2.54559,0.245302,1.64024,
1427,-1.07211,0.322697,2.54559,0.245302,1.64024,
1428,-1.07211,0.322697,2.54559,0.245302,1.64024,
1429,-1.07211,0.322697,2.54559,0.245302,1.64024,
1430,-1.07211,0.322697,2.54559,0.245302,1.64024,
1431,-1.07173,0.322697,2.54559,0.245302,1.64024,
1432,-1.07211,0.322697,2.54559,0.245302,1.64024,
1433,-1.07211,0.322697,2.54559,0.245302,1.64024,
1434,-1.07211,0.322697,2.54559,0.245302,1.64024,
1435,-1.07211,0.322697,2.54559,0.245302,1.64024,
1436,-1.07211,0.322697,2.54559,0.245302,1.64024,
1437,-1.07211,0.322696,2.54559,0.245302,1.64024,
1438,-1.07211,0.322696,2.54559,0.245302,1.64024,
1439,-1.07211,0.322696,2.54559,0.245302,1.64024,
1440,-1.07211,0.322696,2.54559,0.245302,1.64024,
1441,-1.07211,0.322696,2.54559,0.245302,1.64024,
1442,-1.07211,0.322696,2.54559,0.245302,1.64024,
1443,-1.07211,0.322696,2.54559,0.245302,1.64024,
1444,-1.07211,0.322696,2.54559,0.245302,1.64024,
1445,-1.07211,0.322696,2.54559,0.245297,1.63986,
1446,-1.07211,0.322696,2.54559,0.245297,1.64024,
1447,-1.07211,0.322696,2.54559,0.245297,1.64024,
1448,-1.07211,0.322696,2.54559,0.245297,1.64024,
1449,-1.07173,0.322696,2.54559,0.245297,1.64063,
1450,-1.07173,0.322696,2.54559,0.245297,1.64024,
1451,-1.07211,0.322696,2.54559,0.245297,1.64024,
1452,-1.07211,0.322696,2.54559,0.245297,1.64063,
1453,-1.07211,0.322696,2.54559,0.245297,1.64024,
1454,-1.07173,0.322696,2.54559,0.245297,1.64024,
1455,-1.07211,0.322696,2.54559,0.245297,1.64024,
1456,-1.07211,0.322696,2.54559,0.245297,1.64024,
1457,-1.07211,0.322697,2.54559,0.245297,1.64024,
1458,-1.07211,0.322697,2.54559,0.245297,1.64024,
1459,-1.07211,0.322697,2.54559,0.245297,1.64063,
1460,-1.07211,0.322697,2.54559,0.245297,1.64024,
1461,-1.07211,0.322697,2.54559,0.245297,1.64024,
1462,-1.07211,0.322697,2.54559,0.245297,1.64024,
1463,-1.07211,0.322697,2.54559,0.245297,1.64024,
1464,-1.07211,0.322697,2.54559,0.245297,1.64024,
1465,-1.07211,0.322697,2.54559,0.245297,1.64024,
1466,-1.07211,0.322697,2.54559,0.245297,1.64024,
1467,-1.07211,0.322697,2.54559,0.245297,1.64024,
1468,-1.07211,0.322697,2.54559,0.245297,1.64024,
1469,-1.07211,0.322697,2.54559,0.245297,1.64024,
1470,-1.07211,0.322697,2.54559,0.245297,1.64024,
1471,-1.07211,0.322697,2.54559,0.245297,1.64024,
1472,-1.07211,0.322696,2.54559,0.245297,1.64024,
1473,-1.07211,0.322696,2.54559,0.245297,1.64024,
1474,-1.07211,0.322696,2.54559,0.245297,1.63986,
1475,-1.07211,0.322696,2.54559,0.245297,1.64024,
1476,-1.07211,0.322696,2.54559,0.245297,1.64024,
1477,-1.07211,0.322696,2.54559,0.245297,1.64024,
